CHROM	POS	ID	symbol	Sample	AA_mutations	cosmic	cosmic_FATHMM	Consequence	IMPACT	Prot_product
chr12	25245350	rs121913529	KRAS	PDAC003T	Gly12Asp	COSV55497369	PATHOGENIC	missense_variant	MODERATE	NP_001356716.1
chr12	25245350	rs121913529	KRAS	PDAC004T	Gly12Asp	COSV55497369	PATHOGENIC	missense_variant	MODERATE	NP_001356716.1
chr12	25245350	rs121913529	KRAS	PDAC005T	Gly12Asp	COSV55497369	PATHOGENIC	missense_variant	MODERATE	NP_001356716.1
chr12	25245350	rs121913529	KRAS	PDAC006T	Gly12Val	COSV55497419	PATHOGENIC	missense_variant	MODERATE	NP_001356716.1
chr12	25245350	rs121913529	KRAS	PDAC007T	Gly12Asp	COSV55497369	PATHOGENIC	missense_variant	MODERATE	NP_001356716.1
chr12	25245350	rs121913529	KRAS	PDAC008T	Gly12Asp	COSV55497369	PATHOGENIC	missense_variant	MODERATE	NP_001356716.1
chr12	25245350	rs121913529	KRAS	PDAC010T	Gly12Val	COSV55497419	PATHOGENIC	missense_variant	MODERATE	NP_001356716.1
chr12	25245350	rs121913529	KRAS	PDAC011T	Gly12Asp	COSV55497369	PATHOGENIC	missense_variant	MODERATE	NP_001356716.1
chr12	25245350	rs121913529	KRAS	PDAC013T	Gly12Asp	COSV55497369	PATHOGENIC	missense_variant	MODERATE	NP_001356716.1
chr12	25245350	rs121913529	KRAS	PDAC014T	Gly12Val	COSV55497419	PATHOGENIC	missense_variant	MODERATE	NP_001356716.1
chr12	25245350	rs121913529	KRAS	PDAC015T	Gly12Asp	COSV55497369	PATHOGENIC	missense_variant	MODERATE	NP_001356716.1
chr12	25245350	rs121913529	KRAS	PDAC017T	Gly12Val	COSV55497419	PATHOGENIC	missense_variant	MODERATE	NP_001356716.1
chr12	25245350	rs121913529	KRAS	PDAC018T	Gly12Asp	COSV55497369	PATHOGENIC	missense_variant	MODERATE	NP_001356716.1
chr12	25245350	rs121913529	KRAS	PDAC019T	Gly12Val	COSV55497419	PATHOGENIC	missense_variant	MODERATE	NP_001356716.1
chr12	25245350	rs121913529	KRAS	PDAC020T	Gly12Asp	COSV55497369	PATHOGENIC	missense_variant	MODERATE	NP_001356716.1
chr12	25245350	rs121913529	KRAS	PDAC021T	Gly12Val	COSV55497419	PATHOGENIC	missense_variant	MODERATE	NP_001356716.1
chr12	25245350	rs121913529	KRAS	PDAC024T	Gly12Asp	COSV55497369	PATHOGENIC	missense_variant	MODERATE	NP_001356716.1
chr12	25245350	rs121913529	KRAS	PDAC025T	Gly12Asp	COSV55497369	PATHOGENIC	missense_variant	MODERATE	NP_001356716.1
chr12	25245350	rs121913529	KRAS	PDAC027T	Gly12Val	COSV55497419	PATHOGENIC	missense_variant	MODERATE	NP_001356716.1
chr12	25245350	rs121913529	KRAS	PDAC028T	Gly12Val	COSV55497419	PATHOGENIC	missense_variant	MODERATE	NP_001356716.1
chr12	25245350	rs121913529	KRAS	PDAC029T	Gly12Asp	COSV55497369	PATHOGENIC	missense_variant	MODERATE	NP_001356716.1
chr12	25245350	rs121913529	KRAS	PDAC030T	Gly12Val	COSV55497419	PATHOGENIC	missense_variant	MODERATE	NP_001356716.1
chr12	25245350	rs121913529	KRAS	PDAC031T	Gly12Asp	COSV55497369	PATHOGENIC	missense_variant	MODERATE	NP_001356716.1
chr12	25245350	rs121913529	KRAS	PDAC034T	Gly12Asp	COSV55497369	PATHOGENIC	missense_variant	MODERATE	NP_001356716.1
chr12	25245350	rs121913529	KRAS	PDAC035T	Gly12Asp	COSV55497369	PATHOGENIC	missense_variant	MODERATE	NP_001356716.1
chr12	25245350	rs121913529	KRAS	PDAC036T	Gly12Val	COSV55497419	PATHOGENIC	missense_variant	MODERATE	NP_001356716.1
chr12	25245350	rs121913529	KRAS	PDAC038T	Gly12Val	COSV55497419	PATHOGENIC	missense_variant	MODERATE	NP_001356716.1
chr12	25245350	rs121913529	KRAS	PDAC041T	Gly12Val	COSV55497419	PATHOGENIC	missense_variant	MODERATE	NP_001356716.1
chr12	25245350	rs121913529	KRAS	PDAC042T	Gly12Val	COSV55497419	PATHOGENIC	missense_variant	MODERATE	NP_001356716.1
chr12	25245350	rs121913529	KRAS	PDAC044T	Gly12Val	COSV55497419	PATHOGENIC	missense_variant	MODERATE	NP_001356716.1
chr12	25245350	rs121913529	KRAS	PDAC047T	Gly12Asp	COSV55497369	PATHOGENIC	missense_variant	MODERATE	NP_001356716.1
chr12	25245350	rs121913529	KRAS	PDAC048T	Gly12Asp	COSV55497369	PATHOGENIC	missense_variant	MODERATE	NP_001356716.1
chr12	25245350	rs121913529	KRAS	PDAC049T	Gly12Asp	COSV55497369	PATHOGENIC	missense_variant	MODERATE	NP_001356716.1
chr12	25245350	rs121913529	KRAS	PDAC052T	Gly12Asp	COSV55497369	PATHOGENIC	missense_variant	MODERATE	NP_001356716.1
chr12	25245350	rs121913529	KRAS	PDAC056T	Gly12Asp	COSV55497369	PATHOGENIC	missense_variant	MODERATE	NP_001356716.1
chr12	25245350	rs121913529	KRAS	PDAC057T	Gly12Val	COSV55497419	PATHOGENIC	missense_variant	MODERATE	NP_001356716.1
chr12	25245350	rs121913529	KRAS	PDAC058T	Gly12Asp	COSV55497369	PATHOGENIC	missense_variant	MODERATE	NP_001356716.1
chr12	25245350	rs121913529	KRAS	PDAC060T	Gly12Asp	COSV55497369	PATHOGENIC	missense_variant	MODERATE	NP_001356716.1
chr12	25245350	rs121913529	KRAS	PDAC063T	Gly12Val	COSV55497419	PATHOGENIC	missense_variant	MODERATE	NP_001356716.1
chr12	25245350	rs121913529	KRAS	PDAC065T	Gly12Val	COSV55497419	PATHOGENIC	missense_variant	MODERATE	NP_001356716.1
chr12	25245350	rs121913529	KRAS	PDAC066T	Gly12Asp	COSV55497369	PATHOGENIC	missense_variant	MODERATE	NP_001356716.1
chr12	25245350	rs121913529	KRAS	PDAC067T	Gly12Val	COSV55497419	PATHOGENIC	missense_variant	MODERATE	NP_001356716.1
chr12	25245350	rs121913529	KRAS	PDAC068T	Gly12Asp	COSV55497369	PATHOGENIC	missense_variant	MODERATE	NP_001356716.1
chr12	25245350	rs121913529	KRAS	PDAC069T	Gly12Val	COSV55497419	PATHOGENIC	missense_variant	MODERATE	NP_001356716.1
chr12	25245350	rs121913529	KRAS	PDAC070T	Gly12Asp	COSV55497369	PATHOGENIC	missense_variant	MODERATE	NP_001356716.1
chr12	25245350	rs121913529	KRAS	PDAC071T	Gly12Asp	COSV55497369	PATHOGENIC	missense_variant	MODERATE	NP_001356716.1
chr12	25245350	rs121913529	KRAS	PDAC072T	Gly12Asp	COSV55497369	PATHOGENIC	missense_variant	MODERATE	NP_001356716.1
chr12	25245350	rs121913529	KRAS	PDAC073T	Gly12Asp	COSV55497369	PATHOGENIC	missense_variant	MODERATE	NP_001356716.1
chr17	7675205		TP53	PDAC003T	Gln136Pro	COSV52782611	PATHOGENIC	missense_variant	MODERATE	NP_001119584.1
chr17	7674221	rs121912651	TP53	PDAC004T	Arg248Trp	COSV52662035	PATHOGENIC	missense_variant	MODERATE	NP_001119584.1
chr17	7674221	rs121912651	TP53	PDAC005T	Arg248Trp	COSV52662035	PATHOGENIC	missense_variant	MODERATE	NP_001119584.1
chr18	51054928		SMAD4	PDAC004T	Leu201Ter	.	.	stop_gained	HIGH	NP_005350.1
chr18	51054928		SMAD4	PDAC005T	Leu201Ter	.	.	stop_gained	HIGH	NP_005350.1
chr17	7675998		TP53	PDAC006T	Cys124LeufsTer25	.	.	frameshift_variant	HIGH	NP_001119584.1
chr17	43044391	rs12516	BRCA1	PDAC006T	.	COSV58790086	NEUTRAL	non_coding_transcript_exon_variant	MODIFIER	.
chr18	51065522	rs377767345	SMAD4	PDAC006T	Gly352Glu	COSV61684836	PATHOGENIC	missense_variant	MODERATE	NP_005350.1
chr13	32333026		BRCA2	PDAC009T	Phe516Leu	.	.	missense_variant	MODERATE	NP_000050.2
chr17	7673577		TP53	PDAC010T	Pro318AlafsTer19	.	.	frameshift_variant	HIGH	NP_001119584.1
chr12	25227343	rs121913238	KRAS	PDAC012T	Gln61Lys	COSV55502066	PATHOGENIC	missense_variant	MODERATE	NP_001356716.1
chr12	25227343	rs121913238	KRAS	PDAC039T	Gln61Lys	COSV55502066	PATHOGENIC	missense_variant	MODERATE	NP_001356716.1
chr17	7675088	rs28934578	TP53	PDAC012T	Arg175His	COSV52661038	PATHOGENIC	missense_variant	MODERATE	NP_001119584.1
chr17	7675088	rs28934578	TP53	PDAC025T	Arg175His	COSV52661038	PATHOGENIC	missense_variant	MODERATE	NP_001119584.1
chr17	7675088	rs28934578	TP53	PDAC026T	Arg175His	COSV52661038	PATHOGENIC	missense_variant	MODERATE	NP_001119584.1
chr17	7675088	rs28934578	TP53	PDAC034T	Arg175His	COSV52661038	PATHOGENIC	missense_variant	MODERATE	NP_001119584.1
chr17	7675088	rs28934578	TP53	PDAC062T	Arg175His	COSV52661038	PATHOGENIC	missense_variant	MODERATE	NP_001119584.1
chr17	7674202		TP53	PDAC013T	Ile254Thr	COSV52767322	PATHOGENIC	missense_variant	MODERATE	NP_001119584.1
chr17	7673764	rs786201059	TP53	PDAC014T	Glu286Lys	COSV52664318	PATHOGENIC	missense_variant	MODERATE	NP_001119584.1
chr17	7675061		TP53	PDAC015T	Arg181Ter	.	.	frameshift_variant	HIGH	NP_001119584.1
chr18	51078352		SMAD4	PDAC015T	Arg515Ile	COSV61695504	PATHOGENIC	missense_variant	MODERATE	NP_005350.1
chr12	25245351	rs121913530	KRAS	PDAC016T	Gly12Arg	COSV55497582	PATHOGENIC	missense_variant	MODERATE	NP_001356716.1
chr12	25245351	rs121913530	KRAS	PDAC022T	Gly12Arg	COSV55497582	PATHOGENIC	missense_variant	MODERATE	NP_001356716.1
chr12	25245351	rs121913530	KRAS	PDAC023T	Gly12Cys	COSV55497469	PATHOGENIC	missense_variant	MODERATE	NP_001356716.1
chr12	25245351	rs121913530	KRAS	PDAC026T	Gly12Arg	COSV55497582	PATHOGENIC	missense_variant	MODERATE	NP_001356716.1
chr12	25245351	rs121913530	KRAS	PDAC037T	Gly12Arg	COSV55497582	PATHOGENIC	missense_variant	MODERATE	NP_001356716.1
chr12	25245351	rs121913530	KRAS	PDAC043T	Gly12Arg	COSV55497582	PATHOGENIC	missense_variant	MODERATE	NP_001356716.1
chr12	25245351	rs121913530	KRAS	PDAC045T	Gly12Arg	COSV55497582	PATHOGENIC	missense_variant	MODERATE	NP_001356716.1
chr12	25245351	rs121913530	KRAS	PDAC046T	Gly12Arg	COSV55497582	PATHOGENIC	missense_variant	MODERATE	NP_001356716.1
chr12	25245351	rs121913530	KRAS	PDAC050T	Gly12Arg	COSV55497582	PATHOGENIC	missense_variant	MODERATE	NP_001356716.1
chr12	25245351	rs121913530	KRAS	PDAC054T	Gly12Cys	COSV55497469	PATHOGENIC	missense_variant	MODERATE	NP_001356716.1
chr12	25245351	rs121913530	KRAS	PDAC055T	Gly12Arg	COSV55497582	PATHOGENIC	missense_variant	MODERATE	NP_001356716.1
chr12	25245351	rs121913530	KRAS	PDAC059T	Gly12Arg	COSV55497582	PATHOGENIC	missense_variant	MODERATE	NP_001356716.1
chr12	25245351	rs121913530	KRAS	PDAC062T	Gly12Arg	COSV55497582	PATHOGENIC	missense_variant	MODERATE	NP_001356716.1
chr12	25245351	rs121913530	KRAS	PDAC064T	Gly12Arg	COSV55497582	PATHOGENIC	missense_variant	MODERATE	NP_001356716.1
chr17	7675085		TP53	PDAC016T	Cys176Phe	COSV52661329	PATHOGENIC	missense_variant	MODERATE	NP_001119584.1
chr18	51047153		SMAD4	PDAC017T	Arg38GlufsTer7	.	.	frameshift_variant	HIGH	NP_005350.1
chr17	7674858		TP53	PDAC018T	.	COSV52712339	PATHOGENIC	splice_donor_variant	HIGH	.
chr17	7675156	rs730882019	TP53	PDAC020T	Pro153AlafsTer28	.	.	frameshift_variant	HIGH	NP_001119584.1
chr18	51078366		SMAD4	PDAC020T	Thr521HisfsTer16	.	.	frameshift_variant	HIGH	NP_005350.1
chr17	7674220	rs11540652	TP53	PDAC021T	Arg248Gln	COSV52661580	PATHOGENIC	missense_variant	MODERATE	NP_001119584.1
chr17	7674220	rs11540652	TP53	PDAC069T	Arg248Gln	COSV52661580	PATHOGENIC	missense_variant	MODERATE	NP_001119584.1
chr17	7674220	rs11540652	TP53	PDAC073T	Arg248Gln	COSV52661580	PATHOGENIC	missense_variant	MODERATE	NP_001119584.1
chr17	7676089		TP53	PDAC022T	Ala86ValfsTer55	.	.	frameshift_variant	HIGH	NP_001119584.1
chr17	7675212		TP53	PDAC023T	Phe134Val	COSV52660909	PATHOGENIC	missense_variant	MODERATE	NP_001119584.1
chr17	7673802	rs28934576	TP53	PDAC024T	Arg273Leu	COSV52664805	PATHOGENIC	missense_variant	MODERATE	NP_001119584.1
chr17	7673802	rs28934576	TP53	PDAC035T	Arg273His	COSV52660980	PATHOGENIC	missense_variant	MODERATE	NP_001119584.1
chr18	51048789		SMAD4	PDAC024T	Ala118Val	COSV61684095	PATHOGENIC	missense_variant	MODERATE	NP_005350.1
chr18	51076662	rs377767360	SMAD4	PDAC025T	Arg445Ter	COSV61685033	PATHOGENIC	stop_gained	HIGH	NP_005350.1
chr17	7674230	rs28934575	TP53	PDAC027T	Gly245Ser	COSV52661877	PATHOGENIC	missense_variant	MODERATE	NP_001119584.1
chr17	7674189		TP53	PDAC028T	Leu257ArgfsTer5	.	.	frameshift_variant	HIGH	NP_001119584.1
chr18	51065549	rs377767347	SMAD4	PDAC030T	Arg361His	COSV61684056	PATHOGENIC	missense_variant	MODERATE	NP_005350.1
chr18	51065549	rs377767347	SMAD4	PDAC036T	Arg361His	COSV61684056	PATHOGENIC	missense_variant	MODERATE	NP_005350.1
chr18	51065549	rs377767347	SMAD4	PDAC044T	Arg361His	COSV61684056	PATHOGENIC	missense_variant	MODERATE	NP_005350.1
chr18	51065549	rs377767347	SMAD4	PDAC049T	Arg361His	COSV61684056	PATHOGENIC	missense_variant	MODERATE	NP_005350.1
chr17	7675075		TP53	PDAC031T	His179Gln	COSV52669519	NEUTRAL	missense_variant	MODERATE	NP_001119584.1
chr18	51065456	rs281875324	SMAD4	PDAC031T	Glu330Gly	COSV61685188	PATHOGENIC	missense_variant	MODERATE	NP_005350.1
chr18	51076674	rs587781359	SMAD4	PDAC033T	Gln449Ter	COSV100748375	PATHOGENIC	stop_gained	HIGH	NP_005350.1
chr18	51076668		SMAD4	PDAC035T	Ala460GlyfsTer43	.	.	frameshift_variant	HIGH	NP_005350.1
chr13	32338445	rs56248502	BRCA2	PDAC036T	Ile1364Leu	COSV104430664	NEUTRAL	missense_variant	MODERATE	NP_000050.2
chr17	7676059		TP53	PDAC036T	Gln104Ter	COSV52694629	PATHOGENIC	stop_gained	HIGH	NP_001119584.1
chr18	51048830		SMAD4	PDAC037T	His132Tyr	COSV61683986	PATHOGENIC	missense_variant	MODERATE	NP_005350.1
chr17	7675233		TP53	PDAC039T	Ser127Pro	COSV52667433	PATHOGENIC	missense_variant	MODERATE	NP_001119584.1
chr13	32340202	rs80359543	BRCA2	PDAC041T	Ser1951TrpfsTer11	.	.	frameshift_variant	HIGH	NP_000050.2
chr13	32336679		BRCA2	PDAC042T	Ser775Tyr	.	.	missense_variant	MODERATE	NP_000050.2
chr17	7673812		TP53	PDAC042T	Phe270Ile	COSV52744290	PATHOGENIC	missense_variant	MODERATE	NP_001119584.1
chr17	7675125		TP53	PDAC044T	Tyr163Asn	COSV52676168	PATHOGENIC	missense_variant	MODERATE	NP_001119584.1
chr17	7673806		TP53	PDAC046T	Val272Leu	COSV52677483	PATHOGENIC	missense_variant	MODERATE	NP_001119584.1
chr13	32380028		BRCA2	PDAC047T	Gln3047Lys	.	.	missense_variant	MODERATE	NP_000050.2
chr17	7670700	rs587782529	TP53	PDAC047T	Arg337Cys	COSV52669243	PATHOGENIC	missense_variant	MODERATE	NP_001119584.1
chr17	7674180		TP53	PDAC048T	.	COSV52673806	PATHOGENIC	splice_donor_variant	HIGH	.
chr17	7676217		TP53	PDAC049T	Glu51AsnfsTer72	COSV53536519	.	frameshift_variant	HIGH	NP_001119584.1
chr17	7674241	rs28934573	TP53	PDAC050T	Ser241Cys	COSV52662386	PATHOGENIC	missense_variant	MODERATE	NP_001119584.1
chr18	51065548	rs80338963	SMAD4	PDAC050T	Arg361Cys	COSV61683972	PATHOGENIC	missense_variant	MODERATE	NP_005350.1
chr12	25227341	rs17851045	KRAS	PDAC051T	Gln61His	COSV55499223	PATHOGENIC	missense_variant	MODERATE	NP_001356716.1
chr12	25227341	rs17851045	KRAS	PDAC053T	Gln61His	COSV55498802	PATHOGENIC	missense_variant	MODERATE	NP_001356716.1
chr17	7674950		TP53	PDAC053T	Leu194Pro	COSV52663681	PATHOGENIC	missense_variant	MODERATE	NP_001119584.1
chr17	7674945	rs397516435	TP53	PDAC054T	Arg196Ter	COSV52663748	PATHOGENIC	stop_gained	HIGH	NP_001119584.1
chr17	7674252	rs587782664	TP53	PDAC055T	Met237Ile	COSV52661887	PATHOGENIC	missense_variant	MODERATE	NP_001119584.1
chr18	51078394		SMAD4	PDAC055T	Leu529Ter	.	.	stop_gained	HIGH	NP_005350.1
chr18	51078394		SMAD4	PDAC064T	His530ThrfsTer47	.	.	frameshift_variant	HIGH	NP_005350.1
chr17	7674268	rs587781589	TP53	PDAC057T	Ile232Thr	COSV52661257	PATHOGENIC	missense_variant	MODERATE	NP_001119584.1
chr17	7675086		TP53	PDAC058T	Cys176Ser	COSV52681947	PATHOGENIC	missense_variant	MODERATE	NP_001119584.1
chr17	7674957		TP53	PDAC059T	Gln192Ter	COSV52660737	PATHOGENIC	stop_gained	HIGH	NP_001119584.1
chr17	7675160		TP53	PDAC060T	Pro151Arg	COSV52677206	PATHOGENIC	missense_variant	MODERATE	NP_001119584.1
chr13	32336338		BRCA2	PDAC061T	Ser662LeufsTer6	.	.	frameshift_variant	HIGH	NP_000050.2
chr13	32336801		BRCA2	PDAC061T	Glu816Ter	.	.	stop_gained	HIGH	NP_000050.2
chr17	7673704	rs121913344	TP53	PDAC063T	Arg306Ter	COSV52662281	PATHOGENIC	stop_gained	HIGH	NP_001119584.1
chr18	51078408	rs377767383	SMAD4	PDAC063T	Gln534Ter	COSV61688543	PATHOGENIC	stop_gained	HIGH	NP_005350.1
chr17	7674954		TP53	PDAC064T	His193Tyr	COSV52688299	PATHOGENIC	missense_variant	MODERATE	NP_001119584.1
chr17	7673700		TP53	PDAC065T	.	COSV52775982	PATHOGENIC	splice_donor_variant	HIGH	.
chr18	51067120	rs80338965	SMAD4	PDAC066T	Asp415GlufsTer20	.	.	frameshift_variant	HIGH	NP_005350.1
chr17	7676257		TP53	PDAC067T	Gln38Ter	COSV52689258	NEUTRAL	stop_gained	HIGH	NP_001119584.1
chr13	32394681	rs11571819	BRCA2	PDAC070T	.	COSV99061586	NEUTRAL	splice_region_variant&intron_variant	LOW	.
chr17	7674262	rs587780073	TP53	PDAC070T	Tyr234Cys	COSV52661201	PATHOGENIC	missense_variant	MODERATE	NP_001119584.1
chr18	51067095	rs794726995	SMAD4	PDAC070T	Ala406Thr	COSV61684489	PATHOGENIC	missense_variant	MODERATE	NP_005350.1
chr18	51048720		SMAD4	PDAC071T	Tyr95Ser	COSV61687178	PATHOGENIC	missense_variant	MODERATE	NP_005350.1
chr13	32398308		BRCA2	PDAC072T	Arg3268LysfsTer10	.	.	frameshift_variant	HIGH	NP_000050.2
chr17	7673803	rs121913343	TP53	PDAC072T	Arg273Cys	COSV52662066	PATHOGENIC	missense_variant	MODERATE	NP_001119584.1
chr18	51058182		SMAD4	PDAC073T	Ser242Ter	.	.	stop_gained	HIGH	NP_005350.1
