CHROM	POS	ID	Indiv	FILTER	HGVSp	SYMBOL	Protein
chr12	25227319		PDAC_JIA_HS_003N_TUMOR	t_lod_fstar	Asp69Tyr	KRAS	NP_001356715.1
chr12	25227319		PDAC_JIA_HS_003N_TUMOR	t_lod_fstar	Asp69Tyr	KRAS	NP_001356716.1
chr12	25227319		PDAC_JIA_HS_003N_TUMOR	t_lod_fstar	Asp69Tyr	KRAS	NP_004976.2
chr12	25227319		PDAC_JIA_HS_003N_TUMOR	t_lod_fstar	Asp69Tyr	KRAS	NP_203524.1
chr12	25227319		PDAC_JIA_HS_003N_NORMAL	t_lod_fstar	Asp69Tyr	KRAS	NP_001356715.1
chr12	25227319		PDAC_JIA_HS_003N_NORMAL	t_lod_fstar	Asp69Tyr	KRAS	NP_001356716.1
chr12	25227319		PDAC_JIA_HS_003N_NORMAL	t_lod_fstar	Asp69Tyr	KRAS	NP_004976.2
chr12	25227319		PDAC_JIA_HS_003N_NORMAL	t_lod_fstar	Asp69Tyr	KRAS	NP_203524.1
chr12	25245350	rs121913529	PDAC_JIA_HS_003N_TUMOR	PASS	Gly12Asp	KRAS	NP_001356715.1
chr12	25245350	rs121913529	PDAC_JIA_HS_003N_TUMOR	PASS	Gly12Asp	KRAS	NP_001356716.1
chr12	25245350	rs121913529	PDAC_JIA_HS_003N_TUMOR	PASS	Gly12Asp	KRAS	NP_004976.2
chr12	25245350	rs121913529	PDAC_JIA_HS_003N_TUMOR	PASS	Gly12Asp	KRAS	NP_203524.1
chr12	25245350	rs121913529	PDAC_JIA_HS_003N_NORMAL	PASS	Gly12Asp	KRAS	NP_001356715.1
chr12	25245350	rs121913529	PDAC_JIA_HS_003N_NORMAL	PASS	Gly12Asp	KRAS	NP_001356716.1
chr12	25245350	rs121913529	PDAC_JIA_HS_003N_NORMAL	PASS	Gly12Asp	KRAS	NP_004976.2
chr12	25245350	rs121913529	PDAC_JIA_HS_003N_NORMAL	PASS	Gly12Asp	KRAS	NP_203524.1
chr12	25245350	rs121913529	SamplePDACJIAHS004_TUMOR	PASS	Gly12Asp	KRAS	NP_001356715.1
chr12	25245350	rs121913529	SamplePDACJIAHS004_TUMOR	PASS	Gly12Asp	KRAS	NP_001356716.1
chr12	25245350	rs121913529	SamplePDACJIAHS004_TUMOR	PASS	Gly12Asp	KRAS	NP_004976.2
chr12	25245350	rs121913529	SamplePDACJIAHS004_TUMOR	PASS	Gly12Asp	KRAS	NP_203524.1
chr12	25245350	rs121913529	SamplePDACJIAHS004_NORMAL	PASS	Gly12Asp	KRAS	NP_001356715.1
chr12	25245350	rs121913529	SamplePDACJIAHS004_NORMAL	PASS	Gly12Asp	KRAS	NP_001356716.1
chr12	25245350	rs121913529	SamplePDACJIAHS004_NORMAL	PASS	Gly12Asp	KRAS	NP_004976.2
chr12	25245350	rs121913529	SamplePDACJIAHS004_NORMAL	PASS	Gly12Asp	KRAS	NP_203524.1
chr12	25245350	rs121913529	SamplePDACJIAHS005_TUMOR	PASS	Gly12Asp	KRAS	NP_001356715.1
chr12	25245350	rs121913529	SamplePDACJIAHS005_TUMOR	PASS	Gly12Asp	KRAS	NP_001356716.1
chr12	25245350	rs121913529	SamplePDACJIAHS005_TUMOR	PASS	Gly12Asp	KRAS	NP_004976.2
chr12	25245350	rs121913529	SamplePDACJIAHS005_TUMOR	PASS	Gly12Asp	KRAS	NP_203524.1
chr12	25245350	rs121913529	SamplePDACJIAHS005_NORMAL	PASS	Gly12Asp	KRAS	NP_001356715.1
chr12	25245350	rs121913529	SamplePDACJIAHS005_NORMAL	PASS	Gly12Asp	KRAS	NP_001356716.1
chr12	25245350	rs121913529	SamplePDACJIAHS005_NORMAL	PASS	Gly12Asp	KRAS	NP_004976.2
chr12	25245350	rs121913529	SamplePDACJIAHS005_NORMAL	PASS	Gly12Asp	KRAS	NP_203524.1
chr12	25208140	rs7973623	SamplePDACJIAHS006_TUMOR	panel_of_normals	.	KRAS	.
chr12	25208140	rs7973623	SamplePDACJIAHS006_NORMAL	panel_of_normals	.	KRAS	.
chr12	25209843	rs1137282	SamplePDACJIAHS006_TUMOR	panel_of_normals	.	KRAS	.
chr12	25209843	rs1137282	SamplePDACJIAHS006_TUMOR	panel_of_normals	Asp173%3D	KRAS	NP_001356716.1
chr12	25209843	rs1137282	SamplePDACJIAHS006_TUMOR	panel_of_normals	Asp173%3D	KRAS	NP_004976.2
chr12	25209843	rs1137282	SamplePDACJIAHS006_NORMAL	panel_of_normals	.	KRAS	.
chr12	25209843	rs1137282	SamplePDACJIAHS006_NORMAL	panel_of_normals	Asp173%3D	KRAS	NP_001356716.1
chr12	25209843	rs1137282	SamplePDACJIAHS006_NORMAL	panel_of_normals	Asp173%3D	KRAS	NP_004976.2
chr12	25245350	rs121913529	SamplePDACJIAHS006_TUMOR	PASS	Gly12Val	KRAS	NP_001356715.1
chr12	25245350	rs121913529	SamplePDACJIAHS006_TUMOR	PASS	Gly12Val	KRAS	NP_001356716.1
chr12	25245350	rs121913529	SamplePDACJIAHS006_TUMOR	PASS	Gly12Val	KRAS	NP_004976.2
chr12	25245350	rs121913529	SamplePDACJIAHS006_TUMOR	PASS	Gly12Val	KRAS	NP_203524.1
chr12	25245350	rs121913529	SamplePDACJIAHS006_NORMAL	PASS	Gly12Val	KRAS	NP_001356715.1
chr12	25245350	rs121913529	SamplePDACJIAHS006_NORMAL	PASS	Gly12Val	KRAS	NP_001356716.1
chr12	25245350	rs121913529	SamplePDACJIAHS006_NORMAL	PASS	Gly12Val	KRAS	NP_004976.2
chr12	25245350	rs121913529	SamplePDACJIAHS006_NORMAL	PASS	Gly12Val	KRAS	NP_203524.1
chr12	25245350	rs121913529	SamplePDACJIAHS007_TUMOR	PASS	Gly12Asp	KRAS	NP_001356715.1
chr12	25245350	rs121913529	SamplePDACJIAHS007_TUMOR	PASS	Gly12Asp	KRAS	NP_001356716.1
chr12	25245350	rs121913529	SamplePDACJIAHS007_TUMOR	PASS	Gly12Asp	KRAS	NP_004976.2
chr12	25245350	rs121913529	SamplePDACJIAHS007_TUMOR	PASS	Gly12Asp	KRAS	NP_203524.1
chr12	25245350	rs121913529	SamplePDACJIAHS007_NORMAL	PASS	Gly12Asp	KRAS	NP_001356715.1
chr12	25245350	rs121913529	SamplePDACJIAHS007_NORMAL	PASS	Gly12Asp	KRAS	NP_001356716.1
chr12	25245350	rs121913529	SamplePDACJIAHS007_NORMAL	PASS	Gly12Asp	KRAS	NP_004976.2
chr12	25245350	rs121913529	SamplePDACJIAHS007_NORMAL	PASS	Gly12Asp	KRAS	NP_203524.1
chr12	25245350	rs121913529	SamplePDACJIAHS008_TUMOR	PASS	Gly12Asp	KRAS	NP_001356715.1
chr12	25245350	rs121913529	SamplePDACJIAHS008_TUMOR	PASS	Gly12Asp	KRAS	NP_001356716.1
chr12	25245350	rs121913529	SamplePDACJIAHS008_TUMOR	PASS	Gly12Asp	KRAS	NP_004976.2
chr12	25245350	rs121913529	SamplePDACJIAHS008_TUMOR	PASS	Gly12Asp	KRAS	NP_203524.1
chr12	25245350	rs121913529	SamplePDACJIAHS008_NORMAL	PASS	Gly12Asp	KRAS	NP_001356715.1
chr12	25245350	rs121913529	SamplePDACJIAHS008_NORMAL	PASS	Gly12Asp	KRAS	NP_001356716.1
chr12	25245350	rs121913529	SamplePDACJIAHS008_NORMAL	PASS	Gly12Asp	KRAS	NP_004976.2
chr12	25245350	rs121913529	SamplePDACJIAHS008_NORMAL	PASS	Gly12Asp	KRAS	NP_203524.1
chr12	25206289		SamplePDACJIAHS010_TUMOR	t_lod_fstar	.	KRAS	.
chr12	25206289		SamplePDACJIAHS010_NORMAL	t_lod_fstar	.	KRAS	.
chr12	25215516		SamplePDACJIAHS010_TUMOR	clustered_events	Gln165%3D	KRAS	NP_001356715.1
chr12	25215516		SamplePDACJIAHS010_TUMOR	clustered_events	.	KRAS	.
chr12	25215516		SamplePDACJIAHS010_TUMOR	clustered_events	Gln165%3D	KRAS	NP_203524.1
chr12	25215516		SamplePDACJIAHS010_NORMAL	clustered_events	Gln165%3D	KRAS	NP_001356715.1
chr12	25215516		SamplePDACJIAHS010_NORMAL	clustered_events	.	KRAS	.
chr12	25215516		SamplePDACJIAHS010_NORMAL	clustered_events	Gln165%3D	KRAS	NP_203524.1
chr12	25215580		SamplePDACJIAHS010_TUMOR	clustered_events	.	KRAS	.
chr12	25215580		SamplePDACJIAHS010_NORMAL	clustered_events	.	KRAS	.
chr12	25227305	rs104886027	SamplePDACJIAHS010_TUMOR	clustered_events;homologous_mapping_event	Arg73%3D	KRAS	NP_001356715.1
chr12	25227305	rs104886027	SamplePDACJIAHS010_TUMOR	clustered_events;homologous_mapping_event	Arg73%3D	KRAS	NP_001356716.1
chr12	25227305	rs104886027	SamplePDACJIAHS010_TUMOR	clustered_events;homologous_mapping_event	Arg73%3D	KRAS	NP_004976.2
chr12	25227305	rs104886027	SamplePDACJIAHS010_TUMOR	clustered_events;homologous_mapping_event	Arg73%3D	KRAS	NP_203524.1
chr12	25227305	rs104886027	SamplePDACJIAHS010_NORMAL	clustered_events;homologous_mapping_event	Arg73%3D	KRAS	NP_001356715.1
chr12	25227305	rs104886027	SamplePDACJIAHS010_NORMAL	clustered_events;homologous_mapping_event	Arg73%3D	KRAS	NP_001356716.1
chr12	25227305	rs104886027	SamplePDACJIAHS010_NORMAL	clustered_events;homologous_mapping_event	Arg73%3D	KRAS	NP_004976.2
chr12	25227305	rs104886027	SamplePDACJIAHS010_NORMAL	clustered_events;homologous_mapping_event	Arg73%3D	KRAS	NP_203524.1
chr12	25227398		SamplePDACJIAHS010_TUMOR	clustered_events;homologous_mapping_event	Lys42%3D	KRAS	NP_001356715.1
chr12	25227398		SamplePDACJIAHS010_TUMOR	clustered_events;homologous_mapping_event	Lys42%3D	KRAS	NP_001356716.1
chr12	25227398		SamplePDACJIAHS010_TUMOR	clustered_events;homologous_mapping_event	Lys42%3D	KRAS	NP_004976.2
chr12	25227398		SamplePDACJIAHS010_TUMOR	clustered_events;homologous_mapping_event	Lys42%3D	KRAS	NP_203524.1
chr12	25227398		SamplePDACJIAHS010_NORMAL	clustered_events;homologous_mapping_event	Lys42%3D	KRAS	NP_001356715.1
chr12	25227398		SamplePDACJIAHS010_NORMAL	clustered_events;homologous_mapping_event	Lys42%3D	KRAS	NP_001356716.1
chr12	25227398		SamplePDACJIAHS010_NORMAL	clustered_events;homologous_mapping_event	Lys42%3D	KRAS	NP_004976.2
chr12	25227398		SamplePDACJIAHS010_NORMAL	clustered_events;homologous_mapping_event	Lys42%3D	KRAS	NP_203524.1
chr12	25227410		SamplePDACJIAHS010_TUMOR	clustered_events;homologous_mapping_event	Asp38%3D	KRAS	NP_001356715.1
chr12	25227410		SamplePDACJIAHS010_TUMOR	clustered_events;homologous_mapping_event	Asp38%3D	KRAS	NP_001356716.1
chr12	25227410		SamplePDACJIAHS010_TUMOR	clustered_events;homologous_mapping_event	Asp38%3D	KRAS	NP_004976.2
chr12	25227410		SamplePDACJIAHS010_TUMOR	clustered_events;homologous_mapping_event	Asp38%3D	KRAS	NP_203524.1
chr12	25227410		SamplePDACJIAHS010_NORMAL	clustered_events;homologous_mapping_event	Asp38%3D	KRAS	NP_001356715.1
chr12	25227410		SamplePDACJIAHS010_NORMAL	clustered_events;homologous_mapping_event	Asp38%3D	KRAS	NP_001356716.1
chr12	25227410		SamplePDACJIAHS010_NORMAL	clustered_events;homologous_mapping_event	Asp38%3D	KRAS	NP_004976.2
chr12	25227410		SamplePDACJIAHS010_NORMAL	clustered_events;homologous_mapping_event	Asp38%3D	KRAS	NP_203524.1
chr12	25245350	rs121913529	SamplePDACJIAHS010_TUMOR	PASS	Gly12Val	KRAS	NP_001356715.1
chr12	25245350	rs121913529	SamplePDACJIAHS010_TUMOR	PASS	Gly12Val	KRAS	NP_001356716.1
chr12	25245350	rs121913529	SamplePDACJIAHS010_TUMOR	PASS	Gly12Val	KRAS	NP_004976.2
chr12	25245350	rs121913529	SamplePDACJIAHS010_TUMOR	PASS	Gly12Val	KRAS	NP_203524.1
chr12	25245350	rs121913529	SamplePDACJIAHS010_NORMAL	PASS	Gly12Val	KRAS	NP_001356715.1
chr12	25245350	rs121913529	SamplePDACJIAHS010_NORMAL	PASS	Gly12Val	KRAS	NP_001356716.1
chr12	25245350	rs121913529	SamplePDACJIAHS010_NORMAL	PASS	Gly12Val	KRAS	NP_004976.2
chr12	25245350	rs121913529	SamplePDACJIAHS010_NORMAL	PASS	Gly12Val	KRAS	NP_203524.1
chr12	25206326		SamplePDACJIAHS011NDNA_TUMOR	t_lod_fstar	.	KRAS	.
chr12	25206326		SamplePDACJIAHS011NDNA_NORMAL	t_lod_fstar	.	KRAS	.
chr12	25245350	rs121913529	SamplePDACJIAHS011NDNA_TUMOR	PASS	Gly12Asp	KRAS	NP_001356715.1
chr12	25245350	rs121913529	SamplePDACJIAHS011NDNA_TUMOR	PASS	Gly12Asp	KRAS	NP_001356716.1
chr12	25245350	rs121913529	SamplePDACJIAHS011NDNA_TUMOR	PASS	Gly12Asp	KRAS	NP_004976.2
chr12	25245350	rs121913529	SamplePDACJIAHS011NDNA_TUMOR	PASS	Gly12Asp	KRAS	NP_203524.1
chr12	25245350	rs121913529	SamplePDACJIAHS011NDNA_NORMAL	PASS	Gly12Asp	KRAS	NP_001356715.1
chr12	25245350	rs121913529	SamplePDACJIAHS011NDNA_NORMAL	PASS	Gly12Asp	KRAS	NP_001356716.1
chr12	25245350	rs121913529	SamplePDACJIAHS011NDNA_NORMAL	PASS	Gly12Asp	KRAS	NP_004976.2
chr12	25245350	rs121913529	SamplePDACJIAHS011NDNA_NORMAL	PASS	Gly12Asp	KRAS	NP_203524.1
chr12	25227343	rs121913238	SamplePDACJIAHS012NDNA_TUMOR	PASS	Gln61Lys	KRAS	NP_001356715.1
chr12	25227343	rs121913238	SamplePDACJIAHS012NDNA_TUMOR	PASS	Gln61Lys	KRAS	NP_001356716.1
chr12	25227343	rs121913238	SamplePDACJIAHS012NDNA_TUMOR	PASS	Gln61Lys	KRAS	NP_004976.2
chr12	25227343	rs121913238	SamplePDACJIAHS012NDNA_TUMOR	PASS	Gln61Lys	KRAS	NP_203524.1
chr12	25227343	rs121913238	SamplePDACJIAHS012NDNA_NORMAL	PASS	Gln61Lys	KRAS	NP_001356715.1
chr12	25227343	rs121913238	SamplePDACJIAHS012NDNA_NORMAL	PASS	Gln61Lys	KRAS	NP_001356716.1
chr12	25227343	rs121913238	SamplePDACJIAHS012NDNA_NORMAL	PASS	Gln61Lys	KRAS	NP_004976.2
chr12	25227343	rs121913238	SamplePDACJIAHS012NDNA_NORMAL	PASS	Gln61Lys	KRAS	NP_203524.1
chr12	25227344		SamplePDACJIAHS012NDNA_TUMOR	PASS	Gly60%3D	KRAS	NP_001356715.1
chr12	25227344		SamplePDACJIAHS012NDNA_TUMOR	PASS	Gly60%3D	KRAS	NP_001356716.1
chr12	25227344		SamplePDACJIAHS012NDNA_TUMOR	PASS	Gly60%3D	KRAS	NP_004976.2
chr12	25227344		SamplePDACJIAHS012NDNA_TUMOR	PASS	Gly60%3D	KRAS	NP_203524.1
chr12	25227344		SamplePDACJIAHS012NDNA_NORMAL	PASS	Gly60%3D	KRAS	NP_001356715.1
chr12	25227344		SamplePDACJIAHS012NDNA_NORMAL	PASS	Gly60%3D	KRAS	NP_001356716.1
chr12	25227344		SamplePDACJIAHS012NDNA_NORMAL	PASS	Gly60%3D	KRAS	NP_004976.2
chr12	25227344		SamplePDACJIAHS012NDNA_NORMAL	PASS	Gly60%3D	KRAS	NP_203524.1
chr12	25245350	rs121913529	SamplePDACJIAHS013NDNA_TUMOR	PASS	Gly12Asp	KRAS	NP_001356715.1
chr12	25245350	rs121913529	SamplePDACJIAHS013NDNA_TUMOR	PASS	Gly12Asp	KRAS	NP_001356716.1
chr12	25245350	rs121913529	SamplePDACJIAHS013NDNA_TUMOR	PASS	Gly12Asp	KRAS	NP_004976.2
chr12	25245350	rs121913529	SamplePDACJIAHS013NDNA_TUMOR	PASS	Gly12Asp	KRAS	NP_203524.1
chr12	25245350	rs121913529	SamplePDACJIAHS013NDNA_NORMAL	PASS	Gly12Asp	KRAS	NP_001356715.1
chr12	25245350	rs121913529	SamplePDACJIAHS013NDNA_NORMAL	PASS	Gly12Asp	KRAS	NP_001356716.1
chr12	25245350	rs121913529	SamplePDACJIAHS013NDNA_NORMAL	PASS	Gly12Asp	KRAS	NP_004976.2
chr12	25245350	rs121913529	SamplePDACJIAHS013NDNA_NORMAL	PASS	Gly12Asp	KRAS	NP_203524.1
chr12	25209897		SamplePDACJIAHS014NDNA_TUMOR	clustered_read_position;t_lod_fstar	.	KRAS	.
chr12	25209897		SamplePDACJIAHS014NDNA_TUMOR	clustered_read_position;t_lod_fstar	Ala155%3D	KRAS	NP_001356716.1
chr12	25209897		SamplePDACJIAHS014NDNA_TUMOR	clustered_read_position;t_lod_fstar	Ala155%3D	KRAS	NP_004976.2
chr12	25209897		SamplePDACJIAHS014NDNA_NORMAL	clustered_read_position;t_lod_fstar	.	KRAS	.
chr12	25209897		SamplePDACJIAHS014NDNA_NORMAL	clustered_read_position;t_lod_fstar	Ala155%3D	KRAS	NP_001356716.1
chr12	25209897		SamplePDACJIAHS014NDNA_NORMAL	clustered_read_position;t_lod_fstar	Ala155%3D	KRAS	NP_004976.2
chr12	25245350	rs121913529	SamplePDACJIAHS014NDNA_TUMOR	PASS	Gly12Val	KRAS	NP_001356715.1
chr12	25245350	rs121913529	SamplePDACJIAHS014NDNA_TUMOR	PASS	Gly12Val	KRAS	NP_001356716.1
chr12	25245350	rs121913529	SamplePDACJIAHS014NDNA_TUMOR	PASS	Gly12Val	KRAS	NP_004976.2
chr12	25245350	rs121913529	SamplePDACJIAHS014NDNA_TUMOR	PASS	Gly12Val	KRAS	NP_203524.1
chr12	25245350	rs121913529	SamplePDACJIAHS014NDNA_NORMAL	PASS	Gly12Val	KRAS	NP_001356715.1
chr12	25245350	rs121913529	SamplePDACJIAHS014NDNA_NORMAL	PASS	Gly12Val	KRAS	NP_001356716.1
chr12	25245350	rs121913529	SamplePDACJIAHS014NDNA_NORMAL	PASS	Gly12Val	KRAS	NP_004976.2
chr12	25245350	rs121913529	SamplePDACJIAHS014NDNA_NORMAL	PASS	Gly12Val	KRAS	NP_203524.1
chr12	25245350	rs121913529	SamplePDACJIAHS015NDNA_TUMOR	PASS	Gly12Asp	KRAS	NP_001356715.1
chr12	25245350	rs121913529	SamplePDACJIAHS015NDNA_TUMOR	PASS	Gly12Asp	KRAS	NP_001356716.1
chr12	25245350	rs121913529	SamplePDACJIAHS015NDNA_TUMOR	PASS	Gly12Asp	KRAS	NP_004976.2
chr12	25245350	rs121913529	SamplePDACJIAHS015NDNA_TUMOR	PASS	Gly12Asp	KRAS	NP_203524.1
chr12	25245350	rs121913529	SamplePDACJIAHS015NDNA_NORMAL	PASS	Gly12Asp	KRAS	NP_001356715.1
chr12	25245350	rs121913529	SamplePDACJIAHS015NDNA_NORMAL	PASS	Gly12Asp	KRAS	NP_001356716.1
chr12	25245350	rs121913529	SamplePDACJIAHS015NDNA_NORMAL	PASS	Gly12Asp	KRAS	NP_004976.2
chr12	25245350	rs121913529	SamplePDACJIAHS015NDNA_NORMAL	PASS	Gly12Asp	KRAS	NP_203524.1
chr12	25245351	rs121913530	SamplePDACJIAHS016NDNA_TUMOR	PASS	Gly12Arg	KRAS	NP_001356715.1
chr12	25245351	rs121913530	SamplePDACJIAHS016NDNA_TUMOR	PASS	Gly12Arg	KRAS	NP_001356716.1
chr12	25245351	rs121913530	SamplePDACJIAHS016NDNA_TUMOR	PASS	Gly12Arg	KRAS	NP_004976.2
chr12	25245351	rs121913530	SamplePDACJIAHS016NDNA_TUMOR	PASS	Gly12Arg	KRAS	NP_203524.1
chr12	25245351	rs121913530	SamplePDACJIAHS016NDNA_NORMAL	PASS	Gly12Arg	KRAS	NP_001356715.1
chr12	25245351	rs121913530	SamplePDACJIAHS016NDNA_NORMAL	PASS	Gly12Arg	KRAS	NP_001356716.1
chr12	25245351	rs121913530	SamplePDACJIAHS016NDNA_NORMAL	PASS	Gly12Arg	KRAS	NP_004976.2
chr12	25245351	rs121913530	SamplePDACJIAHS016NDNA_NORMAL	PASS	Gly12Arg	KRAS	NP_203524.1
chr12	25209255		SamplePDACJIAHS017NDNA_TUMOR	t_lod_fstar	.	KRAS	.
chr12	25209255		SamplePDACJIAHS017NDNA_NORMAL	t_lod_fstar	.	KRAS	.
chr12	25245350	rs121913529	SamplePDACJIAHS017NDNA_TUMOR	PASS	Gly12Val	KRAS	NP_001356715.1
chr12	25245350	rs121913529	SamplePDACJIAHS017NDNA_TUMOR	PASS	Gly12Val	KRAS	NP_001356716.1
chr12	25245350	rs121913529	SamplePDACJIAHS017NDNA_TUMOR	PASS	Gly12Val	KRAS	NP_004976.2
chr12	25245350	rs121913529	SamplePDACJIAHS017NDNA_TUMOR	PASS	Gly12Val	KRAS	NP_203524.1
chr12	25245350	rs121913529	SamplePDACJIAHS017NDNA_NORMAL	PASS	Gly12Val	KRAS	NP_001356715.1
chr12	25245350	rs121913529	SamplePDACJIAHS017NDNA_NORMAL	PASS	Gly12Val	KRAS	NP_001356716.1
chr12	25245350	rs121913529	SamplePDACJIAHS017NDNA_NORMAL	PASS	Gly12Val	KRAS	NP_004976.2
chr12	25245350	rs121913529	SamplePDACJIAHS017NDNA_NORMAL	PASS	Gly12Val	KRAS	NP_203524.1
chr12	25245350	rs121913529	SamplePDACJIAHS018NDNA_TUMOR	PASS	Gly12Asp	KRAS	NP_001356715.1
chr12	25245350	rs121913529	SamplePDACJIAHS018NDNA_TUMOR	PASS	Gly12Asp	KRAS	NP_001356716.1
chr12	25245350	rs121913529	SamplePDACJIAHS018NDNA_TUMOR	PASS	Gly12Asp	KRAS	NP_004976.2
chr12	25245350	rs121913529	SamplePDACJIAHS018NDNA_TUMOR	PASS	Gly12Asp	KRAS	NP_203524.1
chr12	25245350	rs121913529	SamplePDACJIAHS018NDNA_NORMAL	PASS	Gly12Asp	KRAS	NP_001356715.1
chr12	25245350	rs121913529	SamplePDACJIAHS018NDNA_NORMAL	PASS	Gly12Asp	KRAS	NP_001356716.1
chr12	25245350	rs121913529	SamplePDACJIAHS018NDNA_NORMAL	PASS	Gly12Asp	KRAS	NP_004976.2
chr12	25245350	rs121913529	SamplePDACJIAHS018NDNA_NORMAL	PASS	Gly12Asp	KRAS	NP_203524.1
chr12	25245350	rs121913529	SamplePDACJIAHS019NDNA_TUMOR	PASS	Gly12Val	KRAS	NP_001356715.1
chr12	25245350	rs121913529	SamplePDACJIAHS019NDNA_TUMOR	PASS	Gly12Val	KRAS	NP_001356716.1
chr12	25245350	rs121913529	SamplePDACJIAHS019NDNA_TUMOR	PASS	Gly12Val	KRAS	NP_004976.2
chr12	25245350	rs121913529	SamplePDACJIAHS019NDNA_TUMOR	PASS	Gly12Val	KRAS	NP_203524.1
chr12	25245350	rs121913529	SamplePDACJIAHS019NDNA_NORMAL	PASS	Gly12Val	KRAS	NP_001356715.1
chr12	25245350	rs121913529	SamplePDACJIAHS019NDNA_NORMAL	PASS	Gly12Val	KRAS	NP_001356716.1
chr12	25245350	rs121913529	SamplePDACJIAHS019NDNA_NORMAL	PASS	Gly12Val	KRAS	NP_004976.2
chr12	25245350	rs121913529	SamplePDACJIAHS019NDNA_NORMAL	PASS	Gly12Val	KRAS	NP_203524.1
chr12	25245350	rs121913529	SamplePDACJIAHS020NDNA_TUMOR	PASS	Gly12Asp	KRAS	NP_001356715.1
chr12	25245350	rs121913529	SamplePDACJIAHS020NDNA_TUMOR	PASS	Gly12Asp	KRAS	NP_001356716.1
chr12	25245350	rs121913529	SamplePDACJIAHS020NDNA_TUMOR	PASS	Gly12Asp	KRAS	NP_004976.2
chr12	25245350	rs121913529	SamplePDACJIAHS020NDNA_TUMOR	PASS	Gly12Asp	KRAS	NP_203524.1
chr12	25245350	rs121913529	SamplePDACJIAHS020NDNA_NORMAL	PASS	Gly12Asp	KRAS	NP_001356715.1
chr12	25245350	rs121913529	SamplePDACJIAHS020NDNA_NORMAL	PASS	Gly12Asp	KRAS	NP_001356716.1
chr12	25245350	rs121913529	SamplePDACJIAHS020NDNA_NORMAL	PASS	Gly12Asp	KRAS	NP_004976.2
chr12	25245350	rs121913529	SamplePDACJIAHS020NDNA_NORMAL	PASS	Gly12Asp	KRAS	NP_203524.1
chr12	25245350	rs121913529	SamplePDACJIAHS021NDNA_TUMOR	PASS	Gly12Val	KRAS	NP_001356715.1
chr12	25245350	rs121913529	SamplePDACJIAHS021NDNA_TUMOR	PASS	Gly12Val	KRAS	NP_001356716.1
chr12	25245350	rs121913529	SamplePDACJIAHS021NDNA_TUMOR	PASS	Gly12Val	KRAS	NP_004976.2
chr12	25245350	rs121913529	SamplePDACJIAHS021NDNA_TUMOR	PASS	Gly12Val	KRAS	NP_203524.1
chr12	25245350	rs121913529	SamplePDACJIAHS021NDNA_NORMAL	PASS	Gly12Val	KRAS	NP_001356715.1
chr12	25245350	rs121913529	SamplePDACJIAHS021NDNA_NORMAL	PASS	Gly12Val	KRAS	NP_001356716.1
chr12	25245350	rs121913529	SamplePDACJIAHS021NDNA_NORMAL	PASS	Gly12Val	KRAS	NP_004976.2
chr12	25245350	rs121913529	SamplePDACJIAHS021NDNA_NORMAL	PASS	Gly12Val	KRAS	NP_203524.1
chr12	25245351	rs121913530	SamplePDACJIAHS022NDNA_TUMOR	PASS	Gly12Arg	KRAS	NP_001356715.1
chr12	25245351	rs121913530	SamplePDACJIAHS022NDNA_TUMOR	PASS	Gly12Arg	KRAS	NP_001356716.1
chr12	25245351	rs121913530	SamplePDACJIAHS022NDNA_TUMOR	PASS	Gly12Arg	KRAS	NP_004976.2
chr12	25245351	rs121913530	SamplePDACJIAHS022NDNA_TUMOR	PASS	Gly12Arg	KRAS	NP_203524.1
chr12	25245351	rs121913530	SamplePDACJIAHS022NDNA_NORMAL	PASS	Gly12Arg	KRAS	NP_001356715.1
chr12	25245351	rs121913530	SamplePDACJIAHS022NDNA_NORMAL	PASS	Gly12Arg	KRAS	NP_001356716.1
chr12	25245351	rs121913530	SamplePDACJIAHS022NDNA_NORMAL	PASS	Gly12Arg	KRAS	NP_004976.2
chr12	25245351	rs121913530	SamplePDACJIAHS022NDNA_NORMAL	PASS	Gly12Arg	KRAS	NP_203524.1
chr12	25245351	rs121913530	SamplePDACJIAHS023NDNA_TUMOR	PASS	Gly12Cys	KRAS	NP_001356715.1
chr12	25245351	rs121913530	SamplePDACJIAHS023NDNA_TUMOR	PASS	Gly12Cys	KRAS	NP_001356716.1
chr12	25245351	rs121913530	SamplePDACJIAHS023NDNA_TUMOR	PASS	Gly12Cys	KRAS	NP_004976.2
chr12	25245351	rs121913530	SamplePDACJIAHS023NDNA_TUMOR	PASS	Gly12Cys	KRAS	NP_203524.1
chr12	25245351	rs121913530	SamplePDACJIAHS023NDNA_NORMAL	PASS	Gly12Cys	KRAS	NP_001356715.1
chr12	25245351	rs121913530	SamplePDACJIAHS023NDNA_NORMAL	PASS	Gly12Cys	KRAS	NP_001356716.1
chr12	25245351	rs121913530	SamplePDACJIAHS023NDNA_NORMAL	PASS	Gly12Cys	KRAS	NP_004976.2
chr12	25245351	rs121913530	SamplePDACJIAHS023NDNA_NORMAL	PASS	Gly12Cys	KRAS	NP_203524.1
chr12	25245350	rs121913529	SamplePDACJIAHS024NDNA_TUMOR	PASS	Gly12Asp	KRAS	NP_001356715.1
chr12	25245350	rs121913529	SamplePDACJIAHS024NDNA_TUMOR	PASS	Gly12Asp	KRAS	NP_001356716.1
chr12	25245350	rs121913529	SamplePDACJIAHS024NDNA_TUMOR	PASS	Gly12Asp	KRAS	NP_004976.2
chr12	25245350	rs121913529	SamplePDACJIAHS024NDNA_TUMOR	PASS	Gly12Asp	KRAS	NP_203524.1
chr12	25245350	rs121913529	SamplePDACJIAHS024NDNA_NORMAL	PASS	Gly12Asp	KRAS	NP_001356715.1
chr12	25245350	rs121913529	SamplePDACJIAHS024NDNA_NORMAL	PASS	Gly12Asp	KRAS	NP_001356716.1
chr12	25245350	rs121913529	SamplePDACJIAHS024NDNA_NORMAL	PASS	Gly12Asp	KRAS	NP_004976.2
chr12	25245350	rs121913529	SamplePDACJIAHS024NDNA_NORMAL	PASS	Gly12Asp	KRAS	NP_203524.1
chr12	25245350	rs121913529	SamplePDACJIAHS025NDNA_TUMOR	PASS	Gly12Asp	KRAS	NP_001356715.1
chr12	25245350	rs121913529	SamplePDACJIAHS025NDNA_TUMOR	PASS	Gly12Asp	KRAS	NP_001356716.1
chr12	25245350	rs121913529	SamplePDACJIAHS025NDNA_TUMOR	PASS	Gly12Asp	KRAS	NP_004976.2
chr12	25245350	rs121913529	SamplePDACJIAHS025NDNA_TUMOR	PASS	Gly12Asp	KRAS	NP_203524.1
chr12	25245350	rs121913529	SamplePDACJIAHS025NDNA_NORMAL	PASS	Gly12Asp	KRAS	NP_001356715.1
chr12	25245350	rs121913529	SamplePDACJIAHS025NDNA_NORMAL	PASS	Gly12Asp	KRAS	NP_001356716.1
chr12	25245350	rs121913529	SamplePDACJIAHS025NDNA_NORMAL	PASS	Gly12Asp	KRAS	NP_004976.2
chr12	25245350	rs121913529	SamplePDACJIAHS025NDNA_NORMAL	PASS	Gly12Asp	KRAS	NP_203524.1
chr12	25245351	rs121913530	SamplePDACJIAHS026NDNA_TUMOR	PASS	Gly12Arg	KRAS	NP_001356715.1
chr12	25245351	rs121913530	SamplePDACJIAHS026NDNA_TUMOR	PASS	Gly12Arg	KRAS	NP_001356716.1
chr12	25245351	rs121913530	SamplePDACJIAHS026NDNA_TUMOR	PASS	Gly12Arg	KRAS	NP_004976.2
chr12	25245351	rs121913530	SamplePDACJIAHS026NDNA_TUMOR	PASS	Gly12Arg	KRAS	NP_203524.1
chr12	25245351	rs121913530	SamplePDACJIAHS026NDNA_NORMAL	PASS	Gly12Arg	KRAS	NP_001356715.1
chr12	25245351	rs121913530	SamplePDACJIAHS026NDNA_NORMAL	PASS	Gly12Arg	KRAS	NP_001356716.1
chr12	25245351	rs121913530	SamplePDACJIAHS026NDNA_NORMAL	PASS	Gly12Arg	KRAS	NP_004976.2
chr12	25245351	rs121913530	SamplePDACJIAHS026NDNA_NORMAL	PASS	Gly12Arg	KRAS	NP_203524.1
chr12	25245350	rs121913529	SamplePDACJIAHS027NDNA_TUMOR	PASS	Gly12Val	KRAS	NP_001356715.1
chr12	25245350	rs121913529	SamplePDACJIAHS027NDNA_TUMOR	PASS	Gly12Val	KRAS	NP_001356716.1
chr12	25245350	rs121913529	SamplePDACJIAHS027NDNA_TUMOR	PASS	Gly12Val	KRAS	NP_004976.2
chr12	25245350	rs121913529	SamplePDACJIAHS027NDNA_TUMOR	PASS	Gly12Val	KRAS	NP_203524.1
chr12	25245350	rs121913529	SamplePDACJIAHS027NDNA_NORMAL	PASS	Gly12Val	KRAS	NP_001356715.1
chr12	25245350	rs121913529	SamplePDACJIAHS027NDNA_NORMAL	PASS	Gly12Val	KRAS	NP_001356716.1
chr12	25245350	rs121913529	SamplePDACJIAHS027NDNA_NORMAL	PASS	Gly12Val	KRAS	NP_004976.2
chr12	25245350	rs121913529	SamplePDACJIAHS027NDNA_NORMAL	PASS	Gly12Val	KRAS	NP_203524.1
chr12	25245350	rs121913529	SamplePDACJIAHS028NDNA_TUMOR	PASS	Gly12Val	KRAS	NP_001356715.1
chr12	25245350	rs121913529	SamplePDACJIAHS028NDNA_TUMOR	PASS	Gly12Val	KRAS	NP_001356716.1
chr12	25245350	rs121913529	SamplePDACJIAHS028NDNA_TUMOR	PASS	Gly12Val	KRAS	NP_004976.2
chr12	25245350	rs121913529	SamplePDACJIAHS028NDNA_TUMOR	PASS	Gly12Val	KRAS	NP_203524.1
chr12	25245350	rs121913529	SamplePDACJIAHS028NDNA_NORMAL	PASS	Gly12Val	KRAS	NP_001356715.1
chr12	25245350	rs121913529	SamplePDACJIAHS028NDNA_NORMAL	PASS	Gly12Val	KRAS	NP_001356716.1
chr12	25245350	rs121913529	SamplePDACJIAHS028NDNA_NORMAL	PASS	Gly12Val	KRAS	NP_004976.2
chr12	25245350	rs121913529	SamplePDACJIAHS028NDNA_NORMAL	PASS	Gly12Val	KRAS	NP_203524.1
chr12	25245350	rs121913529	SamplePDACJIAHS029NDNA_TUMOR	PASS	Gly12Asp	KRAS	NP_001356715.1
chr12	25245350	rs121913529	SamplePDACJIAHS029NDNA_TUMOR	PASS	Gly12Asp	KRAS	NP_001356716.1
chr12	25245350	rs121913529	SamplePDACJIAHS029NDNA_TUMOR	PASS	Gly12Asp	KRAS	NP_004976.2
chr12	25245350	rs121913529	SamplePDACJIAHS029NDNA_TUMOR	PASS	Gly12Asp	KRAS	NP_203524.1
chr12	25245350	rs121913529	SamplePDACJIAHS029NDNA_NORMAL	PASS	Gly12Asp	KRAS	NP_001356715.1
chr12	25245350	rs121913529	SamplePDACJIAHS029NDNA_NORMAL	PASS	Gly12Asp	KRAS	NP_001356716.1
chr12	25245350	rs121913529	SamplePDACJIAHS029NDNA_NORMAL	PASS	Gly12Asp	KRAS	NP_004976.2
chr12	25245350	rs121913529	SamplePDACJIAHS029NDNA_NORMAL	PASS	Gly12Asp	KRAS	NP_203524.1
chr12	25245350	rs121913529	SamplePDACJIAHS030NDNA_TUMOR	PASS	Gly12Val	KRAS	NP_001356715.1
chr12	25245350	rs121913529	SamplePDACJIAHS030NDNA_TUMOR	PASS	Gly12Val	KRAS	NP_001356716.1
chr12	25245350	rs121913529	SamplePDACJIAHS030NDNA_TUMOR	PASS	Gly12Val	KRAS	NP_004976.2
chr12	25245350	rs121913529	SamplePDACJIAHS030NDNA_TUMOR	PASS	Gly12Val	KRAS	NP_203524.1
chr12	25245350	rs121913529	SamplePDACJIAHS030NDNA_NORMAL	PASS	Gly12Val	KRAS	NP_001356715.1
chr12	25245350	rs121913529	SamplePDACJIAHS030NDNA_NORMAL	PASS	Gly12Val	KRAS	NP_001356716.1
chr12	25245350	rs121913529	SamplePDACJIAHS030NDNA_NORMAL	PASS	Gly12Val	KRAS	NP_004976.2
chr12	25245350	rs121913529	SamplePDACJIAHS030NDNA_NORMAL	PASS	Gly12Val	KRAS	NP_203524.1
chr12	25245350	rs121913529	SamplePDACJIAHS031NDNA_TUMOR	PASS	Gly12Asp	KRAS	NP_001356715.1
chr12	25245350	rs121913529	SamplePDACJIAHS031NDNA_TUMOR	PASS	Gly12Asp	KRAS	NP_001356716.1
chr12	25245350	rs121913529	SamplePDACJIAHS031NDNA_TUMOR	PASS	Gly12Asp	KRAS	NP_004976.2
chr12	25245350	rs121913529	SamplePDACJIAHS031NDNA_TUMOR	PASS	Gly12Asp	KRAS	NP_203524.1
chr12	25245350	rs121913529	SamplePDACJIAHS031NDNA_NORMAL	PASS	Gly12Asp	KRAS	NP_001356715.1
chr12	25245350	rs121913529	SamplePDACJIAHS031NDNA_NORMAL	PASS	Gly12Asp	KRAS	NP_001356716.1
chr12	25245350	rs121913529	SamplePDACJIAHS031NDNA_NORMAL	PASS	Gly12Asp	KRAS	NP_004976.2
chr12	25245350	rs121913529	SamplePDACJIAHS031NDNA_NORMAL	PASS	Gly12Asp	KRAS	NP_203524.1
chr12	25206598		SamplePDACJIAHS033NDNA_TUMOR	t_lod_fstar	.	KRAS	.
chr12	25206598		SamplePDACJIAHS033NDNA_NORMAL	t_lod_fstar	.	KRAS	.
chr12	25209843	rs1137282	SamplePDACJIAHS033NDNA_TUMOR	panel_of_normals	.	KRAS	.
chr12	25209843	rs1137282	SamplePDACJIAHS033NDNA_TUMOR	panel_of_normals	Asp173%3D	KRAS	NP_001356716.1
chr12	25209843	rs1137282	SamplePDACJIAHS033NDNA_TUMOR	panel_of_normals	Asp173%3D	KRAS	NP_004976.2
chr12	25209843	rs1137282	SamplePDACJIAHS033NDNA_NORMAL	panel_of_normals	.	KRAS	.
chr12	25209843	rs1137282	SamplePDACJIAHS033NDNA_NORMAL	panel_of_normals	Asp173%3D	KRAS	NP_001356716.1
chr12	25209843	rs1137282	SamplePDACJIAHS033NDNA_NORMAL	panel_of_normals	Asp173%3D	KRAS	NP_004976.2
chr12	25245350	rs121913529	SamplePDACJIAHS033NDNA_TUMOR	triallelic_site	Gly12Val	KRAS	NP_001356715.1
chr12	25245350	rs121913529	SamplePDACJIAHS033NDNA_TUMOR	triallelic_site	Gly12Val	KRAS	NP_001356716.1
chr12	25245350	rs121913529	SamplePDACJIAHS033NDNA_TUMOR	triallelic_site	Gly12Val	KRAS	NP_004976.2
chr12	25245350	rs121913529	SamplePDACJIAHS033NDNA_TUMOR	triallelic_site	Gly12Val	KRAS	NP_203524.1
chr12	25245350	rs121913529	SamplePDACJIAHS033NDNA_NORMAL	triallelic_site	Gly12Val	KRAS	NP_001356715.1
chr12	25245350	rs121913529	SamplePDACJIAHS033NDNA_NORMAL	triallelic_site	Gly12Val	KRAS	NP_001356716.1
chr12	25245350	rs121913529	SamplePDACJIAHS033NDNA_NORMAL	triallelic_site	Gly12Val	KRAS	NP_004976.2
chr12	25245350	rs121913529	SamplePDACJIAHS033NDNA_NORMAL	triallelic_site	Gly12Val	KRAS	NP_203524.1
chr12	25209194		SamplePDACJIAHS034NDNA_TUMOR	PASS	.	KRAS	.
chr12	25209194		SamplePDACJIAHS034NDNA_NORMAL	PASS	.	KRAS	.
chr12	25215462		SamplePDACJIAHS034NDNA_TUMOR	alt_allele_in_normal;clustered_events;t_lod_fstar	Ile183%3D	KRAS	NP_001356715.1
chr12	25215462		SamplePDACJIAHS034NDNA_TUMOR	alt_allele_in_normal;clustered_events;t_lod_fstar	.	KRAS	.
chr12	25215462		SamplePDACJIAHS034NDNA_TUMOR	alt_allele_in_normal;clustered_events;t_lod_fstar	Ile183%3D	KRAS	NP_203524.1
chr12	25215462		SamplePDACJIAHS034NDNA_NORMAL	alt_allele_in_normal;clustered_events;t_lod_fstar	Ile183%3D	KRAS	NP_001356715.1
chr12	25215462		SamplePDACJIAHS034NDNA_NORMAL	alt_allele_in_normal;clustered_events;t_lod_fstar	.	KRAS	.
chr12	25215462		SamplePDACJIAHS034NDNA_NORMAL	alt_allele_in_normal;clustered_events;t_lod_fstar	Ile183%3D	KRAS	NP_203524.1
chr12	25215463		SamplePDACJIAHS034NDNA_TUMOR	alt_allele_in_normal;clustered_events;t_lod_fstar	Ile183Asn	KRAS	NP_001356715.1
chr12	25215463		SamplePDACJIAHS034NDNA_TUMOR	alt_allele_in_normal;clustered_events;t_lod_fstar	.	KRAS	.
chr12	25215463		SamplePDACJIAHS034NDNA_TUMOR	alt_allele_in_normal;clustered_events;t_lod_fstar	Ile183Asn	KRAS	NP_203524.1
chr12	25215463		SamplePDACJIAHS034NDNA_NORMAL	alt_allele_in_normal;clustered_events;t_lod_fstar	Ile183Asn	KRAS	NP_001356715.1
chr12	25215463		SamplePDACJIAHS034NDNA_NORMAL	alt_allele_in_normal;clustered_events;t_lod_fstar	.	KRAS	.
chr12	25215463		SamplePDACJIAHS034NDNA_NORMAL	alt_allele_in_normal;clustered_events;t_lod_fstar	Ile183Asn	KRAS	NP_203524.1
chr12	25215468		SamplePDACJIAHS034NDNA_TUMOR	alt_allele_in_normal;clustered_events;t_lod_fstar	Val181%3D	KRAS	NP_001356715.1
chr12	25215468		SamplePDACJIAHS034NDNA_TUMOR	alt_allele_in_normal;clustered_events;t_lod_fstar	.	KRAS	.
chr12	25215468		SamplePDACJIAHS034NDNA_TUMOR	alt_allele_in_normal;clustered_events;t_lod_fstar	Val181%3D	KRAS	NP_203524.1
chr12	25215468		SamplePDACJIAHS034NDNA_NORMAL	alt_allele_in_normal;clustered_events;t_lod_fstar	Val181%3D	KRAS	NP_001356715.1
chr12	25215468		SamplePDACJIAHS034NDNA_NORMAL	alt_allele_in_normal;clustered_events;t_lod_fstar	.	KRAS	.
chr12	25215468		SamplePDACJIAHS034NDNA_NORMAL	alt_allele_in_normal;clustered_events;t_lod_fstar	Val181%3D	KRAS	NP_203524.1
chr12	25215469		SamplePDACJIAHS034NDNA_TUMOR	clustered_events;multi_event_alt_allele_in_normal;t_lod_fstar	Val181Glu	KRAS	NP_001356715.1
chr12	25215469		SamplePDACJIAHS034NDNA_TUMOR	clustered_events;multi_event_alt_allele_in_normal;t_lod_fstar	.	KRAS	.
chr12	25215469		SamplePDACJIAHS034NDNA_TUMOR	clustered_events;multi_event_alt_allele_in_normal;t_lod_fstar	Val181Glu	KRAS	NP_203524.1
chr12	25215469		SamplePDACJIAHS034NDNA_NORMAL	clustered_events;multi_event_alt_allele_in_normal;t_lod_fstar	Val181Glu	KRAS	NP_001356715.1
chr12	25215469		SamplePDACJIAHS034NDNA_NORMAL	clustered_events;multi_event_alt_allele_in_normal;t_lod_fstar	.	KRAS	.
chr12	25215469		SamplePDACJIAHS034NDNA_NORMAL	clustered_events;multi_event_alt_allele_in_normal;t_lod_fstar	Val181Glu	KRAS	NP_203524.1
chr12	25215470		SamplePDACJIAHS034NDNA_TUMOR	clustered_events;multi_event_alt_allele_in_normal;t_lod_fstar	Val181Met	KRAS	NP_001356715.1
chr12	25215470		SamplePDACJIAHS034NDNA_TUMOR	clustered_events;multi_event_alt_allele_in_normal;t_lod_fstar	.	KRAS	.
chr12	25215470		SamplePDACJIAHS034NDNA_TUMOR	clustered_events;multi_event_alt_allele_in_normal;t_lod_fstar	Val181Met	KRAS	NP_203524.1
chr12	25215470		SamplePDACJIAHS034NDNA_NORMAL	clustered_events;multi_event_alt_allele_in_normal;t_lod_fstar	Val181Met	KRAS	NP_001356715.1
chr12	25215470		SamplePDACJIAHS034NDNA_NORMAL	clustered_events;multi_event_alt_allele_in_normal;t_lod_fstar	.	KRAS	.
chr12	25215470		SamplePDACJIAHS034NDNA_NORMAL	clustered_events;multi_event_alt_allele_in_normal;t_lod_fstar	Val181Met	KRAS	NP_203524.1
chr12	25215507		SamplePDACJIAHS034NDNA_TUMOR	alt_allele_in_normal;clustered_events	Leu168%3D	KRAS	NP_001356715.1
chr12	25215507		SamplePDACJIAHS034NDNA_TUMOR	alt_allele_in_normal;clustered_events	.	KRAS	.
chr12	25215507		SamplePDACJIAHS034NDNA_TUMOR	alt_allele_in_normal;clustered_events	Leu168%3D	KRAS	NP_203524.1
chr12	25215507		SamplePDACJIAHS034NDNA_NORMAL	alt_allele_in_normal;clustered_events	Leu168%3D	KRAS	NP_001356715.1
chr12	25215507		SamplePDACJIAHS034NDNA_NORMAL	alt_allele_in_normal;clustered_events	.	KRAS	.
chr12	25215507		SamplePDACJIAHS034NDNA_NORMAL	alt_allele_in_normal;clustered_events	Leu168%3D	KRAS	NP_203524.1
chr12	25215509		SamplePDACJIAHS034NDNA_TUMOR	alt_allele_in_normal;clustered_events	Leu168Met	KRAS	NP_001356715.1
chr12	25215509		SamplePDACJIAHS034NDNA_TUMOR	alt_allele_in_normal;clustered_events	.	KRAS	.
chr12	25215509		SamplePDACJIAHS034NDNA_TUMOR	alt_allele_in_normal;clustered_events	Leu168Met	KRAS	NP_203524.1
chr12	25215509		SamplePDACJIAHS034NDNA_NORMAL	alt_allele_in_normal;clustered_events	Leu168Met	KRAS	NP_001356715.1
chr12	25215509		SamplePDACJIAHS034NDNA_NORMAL	alt_allele_in_normal;clustered_events	.	KRAS	.
chr12	25215509		SamplePDACJIAHS034NDNA_NORMAL	alt_allele_in_normal;clustered_events	Leu168Met	KRAS	NP_203524.1
chr12	25215511		SamplePDACJIAHS034NDNA_TUMOR	alt_allele_in_normal;clustered_events;strand_artifact	Arg167Lys	KRAS	NP_001356715.1
chr12	25215511		SamplePDACJIAHS034NDNA_TUMOR	alt_allele_in_normal;clustered_events;strand_artifact	.	KRAS	.
chr12	25215511		SamplePDACJIAHS034NDNA_TUMOR	alt_allele_in_normal;clustered_events;strand_artifact	Arg167Lys	KRAS	NP_203524.1
chr12	25215511		SamplePDACJIAHS034NDNA_NORMAL	alt_allele_in_normal;clustered_events;strand_artifact	Arg167Lys	KRAS	NP_001356715.1
chr12	25215511		SamplePDACJIAHS034NDNA_NORMAL	alt_allele_in_normal;clustered_events;strand_artifact	.	KRAS	.
chr12	25215511		SamplePDACJIAHS034NDNA_NORMAL	alt_allele_in_normal;clustered_events;strand_artifact	Arg167Lys	KRAS	NP_203524.1
chr12	25245350	rs121913529	SamplePDACJIAHS034NDNA_TUMOR	PASS	Gly12Asp	KRAS	NP_001356715.1
chr12	25245350	rs121913529	SamplePDACJIAHS034NDNA_TUMOR	PASS	Gly12Asp	KRAS	NP_001356716.1
chr12	25245350	rs121913529	SamplePDACJIAHS034NDNA_TUMOR	PASS	Gly12Asp	KRAS	NP_004976.2
chr12	25245350	rs121913529	SamplePDACJIAHS034NDNA_TUMOR	PASS	Gly12Asp	KRAS	NP_203524.1
chr12	25245350	rs121913529	SamplePDACJIAHS034NDNA_NORMAL	PASS	Gly12Asp	KRAS	NP_001356715.1
chr12	25245350	rs121913529	SamplePDACJIAHS034NDNA_NORMAL	PASS	Gly12Asp	KRAS	NP_001356716.1
chr12	25245350	rs121913529	SamplePDACJIAHS034NDNA_NORMAL	PASS	Gly12Asp	KRAS	NP_004976.2
chr12	25245350	rs121913529	SamplePDACJIAHS034NDNA_NORMAL	PASS	Gly12Asp	KRAS	NP_203524.1
chr12	25215507		SamplePDACJIAHS035NDNA_TUMOR	alt_allele_in_normal;clustered_events	Leu168%3D	KRAS	NP_001356715.1
chr12	25215507		SamplePDACJIAHS035NDNA_TUMOR	alt_allele_in_normal;clustered_events	.	KRAS	.
chr12	25215507		SamplePDACJIAHS035NDNA_TUMOR	alt_allele_in_normal;clustered_events	Leu168%3D	KRAS	NP_203524.1
chr12	25215507		SamplePDACJIAHS035NDNA_NORMAL	alt_allele_in_normal;clustered_events	Leu168%3D	KRAS	NP_001356715.1
chr12	25215507		SamplePDACJIAHS035NDNA_NORMAL	alt_allele_in_normal;clustered_events	.	KRAS	.
chr12	25215507		SamplePDACJIAHS035NDNA_NORMAL	alt_allele_in_normal;clustered_events	Leu168%3D	KRAS	NP_203524.1
chr12	25215507		SamplePDACJIAHS035NDNA_TUMOR	alt_allele_in_normal;clustered_events	Leu168Lys	KRAS	NP_001356715.1
chr12	25215507		SamplePDACJIAHS035NDNA_TUMOR	alt_allele_in_normal;clustered_events	Leu168Lys	KRAS	NP_203524.1
chr12	25215507		SamplePDACJIAHS035NDNA_NORMAL	alt_allele_in_normal;clustered_events	Leu168Lys	KRAS	NP_001356715.1
chr12	25215507		SamplePDACJIAHS035NDNA_NORMAL	alt_allele_in_normal;clustered_events	Leu168Lys	KRAS	NP_203524.1
chr12	25215508	rs777244909	SamplePDACJIAHS035NDNA_TUMOR	alt_allele_in_normal;clustered_events	Leu168Ter	KRAS	NP_001356715.1
chr12	25215508	rs777244909	SamplePDACJIAHS035NDNA_TUMOR	alt_allele_in_normal;clustered_events	.	KRAS	.
chr12	25215508	rs777244909	SamplePDACJIAHS035NDNA_TUMOR	alt_allele_in_normal;clustered_events	Leu168Ter	KRAS	NP_203524.1
chr12	25215508	rs777244909	SamplePDACJIAHS035NDNA_NORMAL	alt_allele_in_normal;clustered_events	Leu168Ter	KRAS	NP_001356715.1
chr12	25215508	rs777244909	SamplePDACJIAHS035NDNA_NORMAL	alt_allele_in_normal;clustered_events	.	KRAS	.
chr12	25215508	rs777244909	SamplePDACJIAHS035NDNA_NORMAL	alt_allele_in_normal;clustered_events	Leu168Ter	KRAS	NP_203524.1
chr12	25215509		SamplePDACJIAHS035NDNA_TUMOR	alt_allele_in_normal;clustered_events	Leu168Met	KRAS	NP_001356715.1
chr12	25215509		SamplePDACJIAHS035NDNA_TUMOR	alt_allele_in_normal;clustered_events	.	KRAS	.
chr12	25215509		SamplePDACJIAHS035NDNA_TUMOR	alt_allele_in_normal;clustered_events	Leu168Met	KRAS	NP_203524.1
chr12	25215509		SamplePDACJIAHS035NDNA_NORMAL	alt_allele_in_normal;clustered_events	Leu168Met	KRAS	NP_001356715.1
chr12	25215509		SamplePDACJIAHS035NDNA_NORMAL	alt_allele_in_normal;clustered_events	.	KRAS	.
chr12	25215509		SamplePDACJIAHS035NDNA_NORMAL	alt_allele_in_normal;clustered_events	Leu168Met	KRAS	NP_203524.1
chr12	25215511		SamplePDACJIAHS035NDNA_TUMOR	alt_allele_in_normal;clustered_events	Arg167Lys	KRAS	NP_001356715.1
chr12	25215511		SamplePDACJIAHS035NDNA_TUMOR	alt_allele_in_normal;clustered_events	.	KRAS	.
chr12	25215511		SamplePDACJIAHS035NDNA_TUMOR	alt_allele_in_normal;clustered_events	Arg167Lys	KRAS	NP_203524.1
chr12	25215511		SamplePDACJIAHS035NDNA_NORMAL	alt_allele_in_normal;clustered_events	Arg167Lys	KRAS	NP_001356715.1
chr12	25215511		SamplePDACJIAHS035NDNA_NORMAL	alt_allele_in_normal;clustered_events	.	KRAS	.
chr12	25215511		SamplePDACJIAHS035NDNA_NORMAL	alt_allele_in_normal;clustered_events	Arg167Lys	KRAS	NP_203524.1
chr12	25215513		SamplePDACJIAHS035NDNA_TUMOR	alt_allele_in_normal;clustered_events	Tyr166Ter	KRAS	NP_001356715.1
chr12	25215513		SamplePDACJIAHS035NDNA_TUMOR	alt_allele_in_normal;clustered_events	.	KRAS	.
chr12	25215513		SamplePDACJIAHS035NDNA_TUMOR	alt_allele_in_normal;clustered_events	Tyr166Ter	KRAS	NP_203524.1
chr12	25215513		SamplePDACJIAHS035NDNA_NORMAL	alt_allele_in_normal;clustered_events	Tyr166Ter	KRAS	NP_001356715.1
chr12	25215513		SamplePDACJIAHS035NDNA_NORMAL	alt_allele_in_normal;clustered_events	.	KRAS	.
chr12	25215513		SamplePDACJIAHS035NDNA_NORMAL	alt_allele_in_normal;clustered_events	Tyr166Ter	KRAS	NP_203524.1
chr12	25215513		SamplePDACJIAHS035NDNA_TUMOR	alt_allele_in_normal;clustered_events	Tyr166Lys	KRAS	NP_001356715.1
chr12	25215513		SamplePDACJIAHS035NDNA_TUMOR	alt_allele_in_normal;clustered_events	Tyr166Lys	KRAS	NP_203524.1
chr12	25215513		SamplePDACJIAHS035NDNA_NORMAL	alt_allele_in_normal;clustered_events	Tyr166Lys	KRAS	NP_001356715.1
chr12	25215513		SamplePDACJIAHS035NDNA_NORMAL	alt_allele_in_normal;clustered_events	Tyr166Lys	KRAS	NP_203524.1
chr12	25215515	rs397517476	SamplePDACJIAHS035NDNA_TUMOR	alt_allele_in_normal;clustered_events	Tyr166Asn	KRAS	NP_001356715.1
chr12	25215515	rs397517476	SamplePDACJIAHS035NDNA_TUMOR	alt_allele_in_normal;clustered_events	.	KRAS	.
chr12	25215515	rs397517476	SamplePDACJIAHS035NDNA_TUMOR	alt_allele_in_normal;clustered_events	Tyr166Asn	KRAS	NP_203524.1
chr12	25215515	rs397517476	SamplePDACJIAHS035NDNA_NORMAL	alt_allele_in_normal;clustered_events	Tyr166Asn	KRAS	NP_001356715.1
chr12	25215515	rs397517476	SamplePDACJIAHS035NDNA_NORMAL	alt_allele_in_normal;clustered_events	.	KRAS	.
chr12	25215515	rs397517476	SamplePDACJIAHS035NDNA_NORMAL	alt_allele_in_normal;clustered_events	Tyr166Asn	KRAS	NP_203524.1
chr12	25245350	rs121913529	SamplePDACJIAHS035NDNA_TUMOR	PASS	Gly12Asp	KRAS	NP_001356715.1
chr12	25245350	rs121913529	SamplePDACJIAHS035NDNA_TUMOR	PASS	Gly12Asp	KRAS	NP_001356716.1
chr12	25245350	rs121913529	SamplePDACJIAHS035NDNA_TUMOR	PASS	Gly12Asp	KRAS	NP_004976.2
chr12	25245350	rs121913529	SamplePDACJIAHS035NDNA_TUMOR	PASS	Gly12Asp	KRAS	NP_203524.1
chr12	25245350	rs121913529	SamplePDACJIAHS035NDNA_NORMAL	PASS	Gly12Asp	KRAS	NP_001356715.1
chr12	25245350	rs121913529	SamplePDACJIAHS035NDNA_NORMAL	PASS	Gly12Asp	KRAS	NP_001356716.1
chr12	25245350	rs121913529	SamplePDACJIAHS035NDNA_NORMAL	PASS	Gly12Asp	KRAS	NP_004976.2
chr12	25245350	rs121913529	SamplePDACJIAHS035NDNA_NORMAL	PASS	Gly12Asp	KRAS	NP_203524.1
chr12	25206643	rs61764371	SamplePDACJIAHS036NDNA_TUMOR	PASS	.	KRAS	.
chr12	25206643	rs61764371	SamplePDACJIAHS036NDNA_NORMAL	PASS	.	KRAS	.
chr12	25209920	rs12313763	SamplePDACJIAHS036NDNA_TUMOR	panel_of_normals	.	KRAS	.
chr12	25209920	rs12313763	SamplePDACJIAHS036NDNA_NORMAL	panel_of_normals	.	KRAS	.
chr12	25215507		SamplePDACJIAHS036NDNA_TUMOR	alt_allele_in_normal;clustered_events	Leu168%3D	KRAS	NP_001356715.1
chr12	25215507		SamplePDACJIAHS036NDNA_TUMOR	alt_allele_in_normal;clustered_events	.	KRAS	.
chr12	25215507		SamplePDACJIAHS036NDNA_TUMOR	alt_allele_in_normal;clustered_events	Leu168%3D	KRAS	NP_203524.1
chr12	25215507		SamplePDACJIAHS036NDNA_NORMAL	alt_allele_in_normal;clustered_events	Leu168%3D	KRAS	NP_001356715.1
chr12	25215507		SamplePDACJIAHS036NDNA_NORMAL	alt_allele_in_normal;clustered_events	.	KRAS	.
chr12	25215507		SamplePDACJIAHS036NDNA_NORMAL	alt_allele_in_normal;clustered_events	Leu168%3D	KRAS	NP_203524.1
chr12	25215508	rs777244909	SamplePDACJIAHS036NDNA_TUMOR	alt_allele_in_normal;clustered_events	Leu168Ter	KRAS	NP_001356715.1
chr12	25215508	rs777244909	SamplePDACJIAHS036NDNA_TUMOR	alt_allele_in_normal;clustered_events	.	KRAS	.
chr12	25215508	rs777244909	SamplePDACJIAHS036NDNA_TUMOR	alt_allele_in_normal;clustered_events	Leu168Ter	KRAS	NP_203524.1
chr12	25215508	rs777244909	SamplePDACJIAHS036NDNA_NORMAL	alt_allele_in_normal;clustered_events	Leu168Ter	KRAS	NP_001356715.1
chr12	25215508	rs777244909	SamplePDACJIAHS036NDNA_NORMAL	alt_allele_in_normal;clustered_events	.	KRAS	.
chr12	25215508	rs777244909	SamplePDACJIAHS036NDNA_NORMAL	alt_allele_in_normal;clustered_events	Leu168Ter	KRAS	NP_203524.1
chr12	25215509		SamplePDACJIAHS036NDNA_TUMOR	alt_allele_in_normal;clustered_events	Leu168Met	KRAS	NP_001356715.1
chr12	25215509		SamplePDACJIAHS036NDNA_TUMOR	alt_allele_in_normal;clustered_events	.	KRAS	.
chr12	25215509		SamplePDACJIAHS036NDNA_TUMOR	alt_allele_in_normal;clustered_events	Leu168Met	KRAS	NP_203524.1
chr12	25215509		SamplePDACJIAHS036NDNA_NORMAL	alt_allele_in_normal;clustered_events	Leu168Met	KRAS	NP_001356715.1
chr12	25215509		SamplePDACJIAHS036NDNA_NORMAL	alt_allele_in_normal;clustered_events	.	KRAS	.
chr12	25215509		SamplePDACJIAHS036NDNA_NORMAL	alt_allele_in_normal;clustered_events	Leu168Met	KRAS	NP_203524.1
chr12	25215511		SamplePDACJIAHS036NDNA_TUMOR	alt_allele_in_normal;clustered_events	Arg167Lys	KRAS	NP_001356715.1
chr12	25215511		SamplePDACJIAHS036NDNA_TUMOR	alt_allele_in_normal;clustered_events	.	KRAS	.
chr12	25215511		SamplePDACJIAHS036NDNA_TUMOR	alt_allele_in_normal;clustered_events	Arg167Lys	KRAS	NP_203524.1
chr12	25215511		SamplePDACJIAHS036NDNA_NORMAL	alt_allele_in_normal;clustered_events	Arg167Lys	KRAS	NP_001356715.1
chr12	25215511		SamplePDACJIAHS036NDNA_NORMAL	alt_allele_in_normal;clustered_events	.	KRAS	.
chr12	25215511		SamplePDACJIAHS036NDNA_NORMAL	alt_allele_in_normal;clustered_events	Arg167Lys	KRAS	NP_203524.1
chr12	25215513		SamplePDACJIAHS036NDNA_TUMOR	alt_allele_in_normal;clustered_events;strand_artifact	Tyr166Ter	KRAS	NP_001356715.1
chr12	25215513		SamplePDACJIAHS036NDNA_TUMOR	alt_allele_in_normal;clustered_events;strand_artifact	.	KRAS	.
chr12	25215513		SamplePDACJIAHS036NDNA_TUMOR	alt_allele_in_normal;clustered_events;strand_artifact	Tyr166Ter	KRAS	NP_203524.1
chr12	25215513		SamplePDACJIAHS036NDNA_NORMAL	alt_allele_in_normal;clustered_events;strand_artifact	Tyr166Ter	KRAS	NP_001356715.1
chr12	25215513		SamplePDACJIAHS036NDNA_NORMAL	alt_allele_in_normal;clustered_events;strand_artifact	.	KRAS	.
chr12	25215513		SamplePDACJIAHS036NDNA_NORMAL	alt_allele_in_normal;clustered_events;strand_artifact	Tyr166Ter	KRAS	NP_203524.1
chr12	25215515	rs397517476	SamplePDACJIAHS036NDNA_TUMOR	alt_allele_in_normal;clustered_events	Tyr166Asn	KRAS	NP_001356715.1
chr12	25215515	rs397517476	SamplePDACJIAHS036NDNA_TUMOR	alt_allele_in_normal;clustered_events	.	KRAS	.
chr12	25215515	rs397517476	SamplePDACJIAHS036NDNA_TUMOR	alt_allele_in_normal;clustered_events	Tyr166Asn	KRAS	NP_203524.1
chr12	25215515	rs397517476	SamplePDACJIAHS036NDNA_NORMAL	alt_allele_in_normal;clustered_events	Tyr166Asn	KRAS	NP_001356715.1
chr12	25215515	rs397517476	SamplePDACJIAHS036NDNA_NORMAL	alt_allele_in_normal;clustered_events	.	KRAS	.
chr12	25215515	rs397517476	SamplePDACJIAHS036NDNA_NORMAL	alt_allele_in_normal;clustered_events	Tyr166Asn	KRAS	NP_203524.1
chr12	25245350	rs121913529	SamplePDACJIAHS036NDNA_TUMOR	PASS	Gly12Val	KRAS	NP_001356715.1
chr12	25245350	rs121913529	SamplePDACJIAHS036NDNA_TUMOR	PASS	Gly12Val	KRAS	NP_001356716.1
chr12	25245350	rs121913529	SamplePDACJIAHS036NDNA_TUMOR	PASS	Gly12Val	KRAS	NP_004976.2
chr12	25245350	rs121913529	SamplePDACJIAHS036NDNA_TUMOR	PASS	Gly12Val	KRAS	NP_203524.1
chr12	25245350	rs121913529	SamplePDACJIAHS036NDNA_NORMAL	PASS	Gly12Val	KRAS	NP_001356715.1
chr12	25245350	rs121913529	SamplePDACJIAHS036NDNA_NORMAL	PASS	Gly12Val	KRAS	NP_001356716.1
chr12	25245350	rs121913529	SamplePDACJIAHS036NDNA_NORMAL	PASS	Gly12Val	KRAS	NP_004976.2
chr12	25245350	rs121913529	SamplePDACJIAHS036NDNA_NORMAL	PASS	Gly12Val	KRAS	NP_203524.1
chr12	25205736		SamplePDACJIAHS037NDNA_TUMOR	clustered_events;t_lod_fstar	.	KRAS	.
chr12	25205736		SamplePDACJIAHS037NDNA_NORMAL	clustered_events;t_lod_fstar	.	KRAS	.
chr12	25205744		SamplePDACJIAHS037NDNA_TUMOR	clustered_events;t_lod_fstar	.	KRAS	.
chr12	25205744		SamplePDACJIAHS037NDNA_NORMAL	clustered_events;t_lod_fstar	.	KRAS	.
chr12	25227337		SamplePDACJIAHS037NDNA_TUMOR	t_lod_fstar	Glu63Ter	KRAS	NP_001356715.1
chr12	25227337		SamplePDACJIAHS037NDNA_TUMOR	t_lod_fstar	Glu63Ter	KRAS	NP_001356716.1
chr12	25227337		SamplePDACJIAHS037NDNA_TUMOR	t_lod_fstar	Glu63Ter	KRAS	NP_004976.2
chr12	25227337		SamplePDACJIAHS037NDNA_TUMOR	t_lod_fstar	Glu63Ter	KRAS	NP_203524.1
chr12	25227337		SamplePDACJIAHS037NDNA_NORMAL	t_lod_fstar	Glu63Ter	KRAS	NP_001356715.1
chr12	25227337		SamplePDACJIAHS037NDNA_NORMAL	t_lod_fstar	Glu63Ter	KRAS	NP_001356716.1
chr12	25227337		SamplePDACJIAHS037NDNA_NORMAL	t_lod_fstar	Glu63Ter	KRAS	NP_004976.2
chr12	25227337		SamplePDACJIAHS037NDNA_NORMAL	t_lod_fstar	Glu63Ter	KRAS	NP_203524.1
chr12	25245351	rs121913530	SamplePDACJIAHS037NDNA_TUMOR	PASS	Gly12Arg	KRAS	NP_001356715.1
chr12	25245351	rs121913530	SamplePDACJIAHS037NDNA_TUMOR	PASS	Gly12Arg	KRAS	NP_001356716.1
chr12	25245351	rs121913530	SamplePDACJIAHS037NDNA_TUMOR	PASS	Gly12Arg	KRAS	NP_004976.2
chr12	25245351	rs121913530	SamplePDACJIAHS037NDNA_TUMOR	PASS	Gly12Arg	KRAS	NP_203524.1
chr12	25245351	rs121913530	SamplePDACJIAHS037NDNA_NORMAL	PASS	Gly12Arg	KRAS	NP_001356715.1
chr12	25245351	rs121913530	SamplePDACJIAHS037NDNA_NORMAL	PASS	Gly12Arg	KRAS	NP_001356716.1
chr12	25245351	rs121913530	SamplePDACJIAHS037NDNA_NORMAL	PASS	Gly12Arg	KRAS	NP_004976.2
chr12	25245351	rs121913530	SamplePDACJIAHS037NDNA_NORMAL	PASS	Gly12Arg	KRAS	NP_203524.1
chr12	25245350	rs121913529	SamplePDACJIAHS038NDNA_TUMOR	PASS	Gly12Val	KRAS	NP_001356715.1
chr12	25245350	rs121913529	SamplePDACJIAHS038NDNA_TUMOR	PASS	Gly12Val	KRAS	NP_001356716.1
chr12	25245350	rs121913529	SamplePDACJIAHS038NDNA_TUMOR	PASS	Gly12Val	KRAS	NP_004976.2
chr12	25245350	rs121913529	SamplePDACJIAHS038NDNA_TUMOR	PASS	Gly12Val	KRAS	NP_203524.1
chr12	25245350	rs121913529	SamplePDACJIAHS038NDNA_NORMAL	PASS	Gly12Val	KRAS	NP_001356715.1
chr12	25245350	rs121913529	SamplePDACJIAHS038NDNA_NORMAL	PASS	Gly12Val	KRAS	NP_001356716.1
chr12	25245350	rs121913529	SamplePDACJIAHS038NDNA_NORMAL	PASS	Gly12Val	KRAS	NP_004976.2
chr12	25245350	rs121913529	SamplePDACJIAHS038NDNA_NORMAL	PASS	Gly12Val	KRAS	NP_203524.1
chr12	25204311	rs557891881	SamplePDACJIAHS039NDNA_TUMOR	t_lod_fstar	Ter91LeuextTer5	KRAS	NP_001001660.2
chr12	25204311	rs557891881	SamplePDACJIAHS039NDNA_TUMOR	t_lod_fstar	.	KRAS	.
chr12	25204311	rs557891881	SamplePDACJIAHS039NDNA_NORMAL	t_lod_fstar	Ter91LeuextTer5	KRAS	NP_001001660.2
chr12	25204311	rs557891881	SamplePDACJIAHS039NDNA_NORMAL	t_lod_fstar	.	KRAS	.
chr12	25215507		SamplePDACJIAHS039NDNA_TUMOR	alt_allele_in_normal;clustered_events;t_lod_fstar	Leu168%3D	KRAS	NP_001356715.1
chr12	25215507		SamplePDACJIAHS039NDNA_TUMOR	alt_allele_in_normal;clustered_events;t_lod_fstar	.	KRAS	.
chr12	25215507		SamplePDACJIAHS039NDNA_TUMOR	alt_allele_in_normal;clustered_events;t_lod_fstar	Leu168%3D	KRAS	NP_203524.1
chr12	25215507		SamplePDACJIAHS039NDNA_NORMAL	alt_allele_in_normal;clustered_events;t_lod_fstar	Leu168%3D	KRAS	NP_001356715.1
chr12	25215507		SamplePDACJIAHS039NDNA_NORMAL	alt_allele_in_normal;clustered_events;t_lod_fstar	.	KRAS	.
chr12	25215507		SamplePDACJIAHS039NDNA_NORMAL	alt_allele_in_normal;clustered_events;t_lod_fstar	Leu168%3D	KRAS	NP_203524.1
chr12	25215507		SamplePDACJIAHS039NDNA_TUMOR	alt_allele_in_normal;clustered_events;t_lod_fstar	Leu168Lys	KRAS	NP_001356715.1
chr12	25215507		SamplePDACJIAHS039NDNA_TUMOR	alt_allele_in_normal;clustered_events;t_lod_fstar	Leu168Lys	KRAS	NP_203524.1
chr12	25215507		SamplePDACJIAHS039NDNA_NORMAL	alt_allele_in_normal;clustered_events;t_lod_fstar	Leu168Lys	KRAS	NP_001356715.1
chr12	25215507		SamplePDACJIAHS039NDNA_NORMAL	alt_allele_in_normal;clustered_events;t_lod_fstar	Leu168Lys	KRAS	NP_203524.1
chr12	25215508	rs777244909	SamplePDACJIAHS039NDNA_TUMOR	alt_allele_in_normal;clustered_events;t_lod_fstar	Leu168Ter	KRAS	NP_001356715.1
chr12	25215508	rs777244909	SamplePDACJIAHS039NDNA_TUMOR	alt_allele_in_normal;clustered_events;t_lod_fstar	.	KRAS	.
chr12	25215508	rs777244909	SamplePDACJIAHS039NDNA_TUMOR	alt_allele_in_normal;clustered_events;t_lod_fstar	Leu168Ter	KRAS	NP_203524.1
chr12	25215508	rs777244909	SamplePDACJIAHS039NDNA_NORMAL	alt_allele_in_normal;clustered_events;t_lod_fstar	Leu168Ter	KRAS	NP_001356715.1
chr12	25215508	rs777244909	SamplePDACJIAHS039NDNA_NORMAL	alt_allele_in_normal;clustered_events;t_lod_fstar	.	KRAS	.
chr12	25215508	rs777244909	SamplePDACJIAHS039NDNA_NORMAL	alt_allele_in_normal;clustered_events;t_lod_fstar	Leu168Ter	KRAS	NP_203524.1
chr12	25215509		SamplePDACJIAHS039NDNA_TUMOR	alt_allele_in_normal;clustered_events;t_lod_fstar	Leu168Met	KRAS	NP_001356715.1
chr12	25215509		SamplePDACJIAHS039NDNA_TUMOR	alt_allele_in_normal;clustered_events;t_lod_fstar	.	KRAS	.
chr12	25215509		SamplePDACJIAHS039NDNA_TUMOR	alt_allele_in_normal;clustered_events;t_lod_fstar	Leu168Met	KRAS	NP_203524.1
chr12	25215509		SamplePDACJIAHS039NDNA_NORMAL	alt_allele_in_normal;clustered_events;t_lod_fstar	Leu168Met	KRAS	NP_001356715.1
chr12	25215509		SamplePDACJIAHS039NDNA_NORMAL	alt_allele_in_normal;clustered_events;t_lod_fstar	.	KRAS	.
chr12	25215509		SamplePDACJIAHS039NDNA_NORMAL	alt_allele_in_normal;clustered_events;t_lod_fstar	Leu168Met	KRAS	NP_203524.1
chr12	25215511		SamplePDACJIAHS039NDNA_TUMOR	alt_allele_in_normal;clustered_events;t_lod_fstar	Arg167Lys	KRAS	NP_001356715.1
chr12	25215511		SamplePDACJIAHS039NDNA_TUMOR	alt_allele_in_normal;clustered_events;t_lod_fstar	.	KRAS	.
chr12	25215511		SamplePDACJIAHS039NDNA_TUMOR	alt_allele_in_normal;clustered_events;t_lod_fstar	Arg167Lys	KRAS	NP_203524.1
chr12	25215511		SamplePDACJIAHS039NDNA_NORMAL	alt_allele_in_normal;clustered_events;t_lod_fstar	Arg167Lys	KRAS	NP_001356715.1
chr12	25215511		SamplePDACJIAHS039NDNA_NORMAL	alt_allele_in_normal;clustered_events;t_lod_fstar	.	KRAS	.
chr12	25215511		SamplePDACJIAHS039NDNA_NORMAL	alt_allele_in_normal;clustered_events;t_lod_fstar	Arg167Lys	KRAS	NP_203524.1
chr12	25227343	rs121913238	SamplePDACJIAHS039NDNA_TUMOR	PASS	Gln61Lys	KRAS	NP_001356715.1
chr12	25227343	rs121913238	SamplePDACJIAHS039NDNA_TUMOR	PASS	Gln61Lys	KRAS	NP_001356716.1
chr12	25227343	rs121913238	SamplePDACJIAHS039NDNA_TUMOR	PASS	Gln61Lys	KRAS	NP_004976.2
chr12	25227343	rs121913238	SamplePDACJIAHS039NDNA_TUMOR	PASS	Gln61Lys	KRAS	NP_203524.1
chr12	25227343	rs121913238	SamplePDACJIAHS039NDNA_NORMAL	PASS	Gln61Lys	KRAS	NP_001356715.1
chr12	25227343	rs121913238	SamplePDACJIAHS039NDNA_NORMAL	PASS	Gln61Lys	KRAS	NP_001356716.1
chr12	25227343	rs121913238	SamplePDACJIAHS039NDNA_NORMAL	PASS	Gln61Lys	KRAS	NP_004976.2
chr12	25227343	rs121913238	SamplePDACJIAHS039NDNA_NORMAL	PASS	Gln61Lys	KRAS	NP_203524.1
chr12	25227344		SamplePDACJIAHS039NDNA_TUMOR	PASS	Gly60%3D	KRAS	NP_001356715.1
chr12	25227344		SamplePDACJIAHS039NDNA_TUMOR	PASS	Gly60%3D	KRAS	NP_001356716.1
chr12	25227344		SamplePDACJIAHS039NDNA_TUMOR	PASS	Gly60%3D	KRAS	NP_004976.2
chr12	25227344		SamplePDACJIAHS039NDNA_TUMOR	PASS	Gly60%3D	KRAS	NP_203524.1
chr12	25227344		SamplePDACJIAHS039NDNA_NORMAL	PASS	Gly60%3D	KRAS	NP_001356715.1
chr12	25227344		SamplePDACJIAHS039NDNA_NORMAL	PASS	Gly60%3D	KRAS	NP_001356716.1
chr12	25227344		SamplePDACJIAHS039NDNA_NORMAL	PASS	Gly60%3D	KRAS	NP_004976.2
chr12	25227344		SamplePDACJIAHS039NDNA_NORMAL	PASS	Gly60%3D	KRAS	NP_203524.1
chr12	25235223		SamplePDACJIAHS040NDNA_TUMOR	t_lod_fstar	.	KRAS	.
chr12	25235223		SamplePDACJIAHS040NDNA_NORMAL	t_lod_fstar	.	KRAS	.
chr12	25245350	rs121913529	SamplePDACJIAHS041NDNA_TUMOR	PASS	Gly12Val	KRAS	NP_001356715.1
chr12	25245350	rs121913529	SamplePDACJIAHS041NDNA_TUMOR	PASS	Gly12Val	KRAS	NP_001356716.1
chr12	25245350	rs121913529	SamplePDACJIAHS041NDNA_TUMOR	PASS	Gly12Val	KRAS	NP_004976.2
chr12	25245350	rs121913529	SamplePDACJIAHS041NDNA_TUMOR	PASS	Gly12Val	KRAS	NP_203524.1
chr12	25245350	rs121913529	SamplePDACJIAHS041NDNA_NORMAL	PASS	Gly12Val	KRAS	NP_001356715.1
chr12	25245350	rs121913529	SamplePDACJIAHS041NDNA_NORMAL	PASS	Gly12Val	KRAS	NP_001356716.1
chr12	25245350	rs121913529	SamplePDACJIAHS041NDNA_NORMAL	PASS	Gly12Val	KRAS	NP_004976.2
chr12	25245350	rs121913529	SamplePDACJIAHS041NDNA_NORMAL	PASS	Gly12Val	KRAS	NP_203524.1
chr12	25227337		SamplePDACJIAHS042NDNA_TUMOR	t_lod_fstar	Glu63Ter	KRAS	NP_001356715.1
chr12	25227337		SamplePDACJIAHS042NDNA_TUMOR	t_lod_fstar	Glu63Ter	KRAS	NP_001356716.1
chr12	25227337		SamplePDACJIAHS042NDNA_TUMOR	t_lod_fstar	Glu63Ter	KRAS	NP_004976.2
chr12	25227337		SamplePDACJIAHS042NDNA_TUMOR	t_lod_fstar	Glu63Ter	KRAS	NP_203524.1
chr12	25227337		SamplePDACJIAHS042NDNA_NORMAL	t_lod_fstar	Glu63Ter	KRAS	NP_001356715.1
chr12	25227337		SamplePDACJIAHS042NDNA_NORMAL	t_lod_fstar	Glu63Ter	KRAS	NP_001356716.1
chr12	25227337		SamplePDACJIAHS042NDNA_NORMAL	t_lod_fstar	Glu63Ter	KRAS	NP_004976.2
chr12	25227337		SamplePDACJIAHS042NDNA_NORMAL	t_lod_fstar	Glu63Ter	KRAS	NP_203524.1
chr12	25245350	rs121913529	SamplePDACJIAHS042NDNA_TUMOR	PASS	Gly12Val	KRAS	NP_001356715.1
chr12	25245350	rs121913529	SamplePDACJIAHS042NDNA_TUMOR	PASS	Gly12Val	KRAS	NP_001356716.1
chr12	25245350	rs121913529	SamplePDACJIAHS042NDNA_TUMOR	PASS	Gly12Val	KRAS	NP_004976.2
chr12	25245350	rs121913529	SamplePDACJIAHS042NDNA_TUMOR	PASS	Gly12Val	KRAS	NP_203524.1
chr12	25245350	rs121913529	SamplePDACJIAHS042NDNA_NORMAL	PASS	Gly12Val	KRAS	NP_001356715.1
chr12	25245350	rs121913529	SamplePDACJIAHS042NDNA_NORMAL	PASS	Gly12Val	KRAS	NP_001356716.1
chr12	25245350	rs121913529	SamplePDACJIAHS042NDNA_NORMAL	PASS	Gly12Val	KRAS	NP_004976.2
chr12	25245350	rs121913529	SamplePDACJIAHS042NDNA_NORMAL	PASS	Gly12Val	KRAS	NP_203524.1
chr12	25245351	rs121913530	SamplePDACJIAHS043NDNA_TUMOR	PASS	Gly12Arg	KRAS	NP_001356715.1
chr12	25245351	rs121913530	SamplePDACJIAHS043NDNA_TUMOR	PASS	Gly12Arg	KRAS	NP_001356716.1
chr12	25245351	rs121913530	SamplePDACJIAHS043NDNA_TUMOR	PASS	Gly12Arg	KRAS	NP_004976.2
chr12	25245351	rs121913530	SamplePDACJIAHS043NDNA_TUMOR	PASS	Gly12Arg	KRAS	NP_203524.1
chr12	25245351	rs121913530	SamplePDACJIAHS043NDNA_NORMAL	PASS	Gly12Arg	KRAS	NP_001356715.1
chr12	25245351	rs121913530	SamplePDACJIAHS043NDNA_NORMAL	PASS	Gly12Arg	KRAS	NP_001356716.1
chr12	25245351	rs121913530	SamplePDACJIAHS043NDNA_NORMAL	PASS	Gly12Arg	KRAS	NP_004976.2
chr12	25245351	rs121913530	SamplePDACJIAHS043NDNA_NORMAL	PASS	Gly12Arg	KRAS	NP_203524.1
chr12	25245350	rs121913529	SamplePDACJIAHS044NDNA_TUMOR	PASS	Gly12Val	KRAS	NP_001356715.1
chr12	25245350	rs121913529	SamplePDACJIAHS044NDNA_TUMOR	PASS	Gly12Val	KRAS	NP_001356716.1
chr12	25245350	rs121913529	SamplePDACJIAHS044NDNA_TUMOR	PASS	Gly12Val	KRAS	NP_004976.2
chr12	25245350	rs121913529	SamplePDACJIAHS044NDNA_TUMOR	PASS	Gly12Val	KRAS	NP_203524.1
chr12	25245350	rs121913529	SamplePDACJIAHS044NDNA_NORMAL	PASS	Gly12Val	KRAS	NP_001356715.1
chr12	25245350	rs121913529	SamplePDACJIAHS044NDNA_NORMAL	PASS	Gly12Val	KRAS	NP_001356716.1
chr12	25245350	rs121913529	SamplePDACJIAHS044NDNA_NORMAL	PASS	Gly12Val	KRAS	NP_004976.2
chr12	25245350	rs121913529	SamplePDACJIAHS044NDNA_NORMAL	PASS	Gly12Val	KRAS	NP_203524.1
chr12	25204087		SamplePDACJIAHS045NDNA_TUMOR	clustered_events;homologous_mapping_event	.	KRAS	.
chr12	25204087		SamplePDACJIAHS045NDNA_NORMAL	clustered_events;homologous_mapping_event	.	KRAS	.
chr12	25204090		SamplePDACJIAHS045NDNA_TUMOR	clustered_events;homologous_mapping_event	.	KRAS	.
chr12	25204090		SamplePDACJIAHS045NDNA_NORMAL	clustered_events;homologous_mapping_event	.	KRAS	.
chr12	25204091		SamplePDACJIAHS045NDNA_TUMOR	clustered_events;homologous_mapping_event	Leu18%3D	KRAS	NP_001001660.2
chr12	25204091		SamplePDACJIAHS045NDNA_TUMOR	clustered_events;homologous_mapping_event	.	KRAS	.
chr12	25204091		SamplePDACJIAHS045NDNA_NORMAL	clustered_events;homologous_mapping_event	Leu18%3D	KRAS	NP_001001660.2
chr12	25204091		SamplePDACJIAHS045NDNA_NORMAL	clustered_events;homologous_mapping_event	.	KRAS	.
chr12	25204094		SamplePDACJIAHS045NDNA_TUMOR	clustered_events;homologous_mapping_event	Leu19%3D	KRAS	NP_001001660.2
chr12	25204094		SamplePDACJIAHS045NDNA_TUMOR	clustered_events;homologous_mapping_event	.	KRAS	.
chr12	25204094		SamplePDACJIAHS045NDNA_NORMAL	clustered_events;homologous_mapping_event	Leu19%3D	KRAS	NP_001001660.2
chr12	25204094		SamplePDACJIAHS045NDNA_NORMAL	clustered_events;homologous_mapping_event	.	KRAS	.
chr12	25245351	rs121913530	SamplePDACJIAHS045NDNA_TUMOR	PASS	Gly12Arg	KRAS	NP_001356715.1
chr12	25245351	rs121913530	SamplePDACJIAHS045NDNA_TUMOR	PASS	Gly12Arg	KRAS	NP_001356716.1
chr12	25245351	rs121913530	SamplePDACJIAHS045NDNA_TUMOR	PASS	Gly12Arg	KRAS	NP_004976.2
chr12	25245351	rs121913530	SamplePDACJIAHS045NDNA_TUMOR	PASS	Gly12Arg	KRAS	NP_203524.1
chr12	25245351	rs121913530	SamplePDACJIAHS045NDNA_NORMAL	PASS	Gly12Arg	KRAS	NP_001356715.1
chr12	25245351	rs121913530	SamplePDACJIAHS045NDNA_NORMAL	PASS	Gly12Arg	KRAS	NP_001356716.1
chr12	25245351	rs121913530	SamplePDACJIAHS045NDNA_NORMAL	PASS	Gly12Arg	KRAS	NP_004976.2
chr12	25245351	rs121913530	SamplePDACJIAHS045NDNA_NORMAL	PASS	Gly12Arg	KRAS	NP_203524.1
chr12	25206223		SamplePDACJIAHS046NDNA_TUMOR	t_lod_fstar	.	KRAS	.
chr12	25206223		SamplePDACJIAHS046NDNA_NORMAL	t_lod_fstar	.	KRAS	.
chr12	25245351	rs121913530	SamplePDACJIAHS046NDNA_TUMOR	PASS	Gly12Arg	KRAS	NP_001356715.1
chr12	25245351	rs121913530	SamplePDACJIAHS046NDNA_TUMOR	PASS	Gly12Arg	KRAS	NP_001356716.1
chr12	25245351	rs121913530	SamplePDACJIAHS046NDNA_TUMOR	PASS	Gly12Arg	KRAS	NP_004976.2
chr12	25245351	rs121913530	SamplePDACJIAHS046NDNA_TUMOR	PASS	Gly12Arg	KRAS	NP_203524.1
chr12	25245351	rs121913530	SamplePDACJIAHS046NDNA_NORMAL	PASS	Gly12Arg	KRAS	NP_001356715.1
chr12	25245351	rs121913530	SamplePDACJIAHS046NDNA_NORMAL	PASS	Gly12Arg	KRAS	NP_001356716.1
chr12	25245351	rs121913530	SamplePDACJIAHS046NDNA_NORMAL	PASS	Gly12Arg	KRAS	NP_004976.2
chr12	25245351	rs121913530	SamplePDACJIAHS046NDNA_NORMAL	PASS	Gly12Arg	KRAS	NP_203524.1
chr12	25245350	rs121913529	SamplePDACJIAHS047NDNA_TUMOR	PASS	Gly12Asp	KRAS	NP_001356715.1
chr12	25245350	rs121913529	SamplePDACJIAHS047NDNA_TUMOR	PASS	Gly12Asp	KRAS	NP_001356716.1
chr12	25245350	rs121913529	SamplePDACJIAHS047NDNA_TUMOR	PASS	Gly12Asp	KRAS	NP_004976.2
chr12	25245350	rs121913529	SamplePDACJIAHS047NDNA_TUMOR	PASS	Gly12Asp	KRAS	NP_203524.1
chr12	25245350	rs121913529	SamplePDACJIAHS047NDNA_NORMAL	PASS	Gly12Asp	KRAS	NP_001356715.1
chr12	25245350	rs121913529	SamplePDACJIAHS047NDNA_NORMAL	PASS	Gly12Asp	KRAS	NP_001356716.1
chr12	25245350	rs121913529	SamplePDACJIAHS047NDNA_NORMAL	PASS	Gly12Asp	KRAS	NP_004976.2
chr12	25245350	rs121913529	SamplePDACJIAHS047NDNA_NORMAL	PASS	Gly12Asp	KRAS	NP_203524.1
chr12	25245350	rs121913529	SamplePDACJIAHS048NDNA_TUMOR	PASS	Gly12Asp	KRAS	NP_001356715.1
chr12	25245350	rs121913529	SamplePDACJIAHS048NDNA_TUMOR	PASS	Gly12Asp	KRAS	NP_001356716.1
chr12	25245350	rs121913529	SamplePDACJIAHS048NDNA_TUMOR	PASS	Gly12Asp	KRAS	NP_004976.2
chr12	25245350	rs121913529	SamplePDACJIAHS048NDNA_TUMOR	PASS	Gly12Asp	KRAS	NP_203524.1
chr12	25245350	rs121913529	SamplePDACJIAHS048NDNA_NORMAL	PASS	Gly12Asp	KRAS	NP_001356715.1
chr12	25245350	rs121913529	SamplePDACJIAHS048NDNA_NORMAL	PASS	Gly12Asp	KRAS	NP_001356716.1
chr12	25245350	rs121913529	SamplePDACJIAHS048NDNA_NORMAL	PASS	Gly12Asp	KRAS	NP_004976.2
chr12	25245350	rs121913529	SamplePDACJIAHS048NDNA_NORMAL	PASS	Gly12Asp	KRAS	NP_203524.1
chr12	25245350	rs121913529	SamplePDACJIAHS049NDNA_TUMOR	PASS	Gly12Asp	KRAS	NP_001356715.1
chr12	25245350	rs121913529	SamplePDACJIAHS049NDNA_TUMOR	PASS	Gly12Asp	KRAS	NP_001356716.1
chr12	25245350	rs121913529	SamplePDACJIAHS049NDNA_TUMOR	PASS	Gly12Asp	KRAS	NP_004976.2
chr12	25245350	rs121913529	SamplePDACJIAHS049NDNA_TUMOR	PASS	Gly12Asp	KRAS	NP_203524.1
chr12	25245350	rs121913529	SamplePDACJIAHS049NDNA_NORMAL	PASS	Gly12Asp	KRAS	NP_001356715.1
chr12	25245350	rs121913529	SamplePDACJIAHS049NDNA_NORMAL	PASS	Gly12Asp	KRAS	NP_001356716.1
chr12	25245350	rs121913529	SamplePDACJIAHS049NDNA_NORMAL	PASS	Gly12Asp	KRAS	NP_004976.2
chr12	25245350	rs121913529	SamplePDACJIAHS049NDNA_NORMAL	PASS	Gly12Asp	KRAS	NP_203524.1
chr12	25245351	rs121913530	SamplePDACJIAHS050NDNA_TUMOR	PASS	Gly12Arg	KRAS	NP_001356715.1
chr12	25245351	rs121913530	SamplePDACJIAHS050NDNA_TUMOR	PASS	Gly12Arg	KRAS	NP_001356716.1
chr12	25245351	rs121913530	SamplePDACJIAHS050NDNA_TUMOR	PASS	Gly12Arg	KRAS	NP_004976.2
chr12	25245351	rs121913530	SamplePDACJIAHS050NDNA_TUMOR	PASS	Gly12Arg	KRAS	NP_203524.1
chr12	25245351	rs121913530	SamplePDACJIAHS050NDNA_NORMAL	PASS	Gly12Arg	KRAS	NP_001356715.1
chr12	25245351	rs121913530	SamplePDACJIAHS050NDNA_NORMAL	PASS	Gly12Arg	KRAS	NP_001356716.1
chr12	25245351	rs121913530	SamplePDACJIAHS050NDNA_NORMAL	PASS	Gly12Arg	KRAS	NP_004976.2
chr12	25245351	rs121913530	SamplePDACJIAHS050NDNA_NORMAL	PASS	Gly12Arg	KRAS	NP_203524.1
chr12	25205296		SamplePDACJIAHS051NDNA_TUMOR	t_lod_fstar	.	KRAS	.
chr12	25205296		SamplePDACJIAHS051NDNA_NORMAL	t_lod_fstar	.	KRAS	.
chr12	25227341	rs17851045	SamplePDACJIAHS051NDNA_TUMOR	PASS	Gln61His	KRAS	NP_001356715.1
chr12	25227341	rs17851045	SamplePDACJIAHS051NDNA_TUMOR	PASS	Gln61His	KRAS	NP_001356716.1
chr12	25227341	rs17851045	SamplePDACJIAHS051NDNA_TUMOR	PASS	Gln61His	KRAS	NP_004976.2
chr12	25227341	rs17851045	SamplePDACJIAHS051NDNA_TUMOR	PASS	Gln61His	KRAS	NP_203524.1
chr12	25227341	rs17851045	SamplePDACJIAHS051NDNA_NORMAL	PASS	Gln61His	KRAS	NP_001356715.1
chr12	25227341	rs17851045	SamplePDACJIAHS051NDNA_NORMAL	PASS	Gln61His	KRAS	NP_001356716.1
chr12	25227341	rs17851045	SamplePDACJIAHS051NDNA_NORMAL	PASS	Gln61His	KRAS	NP_004976.2
chr12	25227341	rs17851045	SamplePDACJIAHS051NDNA_NORMAL	PASS	Gln61His	KRAS	NP_203524.1
chr12	25245350	rs121913529	SamplePDACJIAHS052NDNA_TUMOR	PASS	Gly12Asp	KRAS	NP_001356715.1
chr12	25245350	rs121913529	SamplePDACJIAHS052NDNA_TUMOR	PASS	Gly12Asp	KRAS	NP_001356716.1
chr12	25245350	rs121913529	SamplePDACJIAHS052NDNA_TUMOR	PASS	Gly12Asp	KRAS	NP_004976.2
chr12	25245350	rs121913529	SamplePDACJIAHS052NDNA_TUMOR	PASS	Gly12Asp	KRAS	NP_203524.1
chr12	25245350	rs121913529	SamplePDACJIAHS052NDNA_NORMAL	PASS	Gly12Asp	KRAS	NP_001356715.1
chr12	25245350	rs121913529	SamplePDACJIAHS052NDNA_NORMAL	PASS	Gly12Asp	KRAS	NP_001356716.1
chr12	25245350	rs121913529	SamplePDACJIAHS052NDNA_NORMAL	PASS	Gly12Asp	KRAS	NP_004976.2
chr12	25245350	rs121913529	SamplePDACJIAHS052NDNA_NORMAL	PASS	Gly12Asp	KRAS	NP_203524.1
chr12	25206578		SamplePDACJIAHS053NDNA_TUMOR	t_lod_fstar	.	KRAS	.
chr12	25206578		SamplePDACJIAHS053NDNA_NORMAL	t_lod_fstar	.	KRAS	.
chr12	25227341	rs17851045	SamplePDACJIAHS053NDNA_TUMOR	PASS	Gln61His	KRAS	NP_001356715.1
chr12	25227341	rs17851045	SamplePDACJIAHS053NDNA_TUMOR	PASS	Gln61His	KRAS	NP_001356716.1
chr12	25227341	rs17851045	SamplePDACJIAHS053NDNA_TUMOR	PASS	Gln61His	KRAS	NP_004976.2
chr12	25227341	rs17851045	SamplePDACJIAHS053NDNA_TUMOR	PASS	Gln61His	KRAS	NP_203524.1
chr12	25227341	rs17851045	SamplePDACJIAHS053NDNA_NORMAL	PASS	Gln61His	KRAS	NP_001356715.1
chr12	25227341	rs17851045	SamplePDACJIAHS053NDNA_NORMAL	PASS	Gln61His	KRAS	NP_001356716.1
chr12	25227341	rs17851045	SamplePDACJIAHS053NDNA_NORMAL	PASS	Gln61His	KRAS	NP_004976.2
chr12	25227341	rs17851045	SamplePDACJIAHS053NDNA_NORMAL	PASS	Gln61His	KRAS	NP_203524.1
chr12	25245351	rs121913530	SamplePDACJIAHS054NDNA_TUMOR	PASS	Gly12Cys	KRAS	NP_001356715.1
chr12	25245351	rs121913530	SamplePDACJIAHS054NDNA_TUMOR	PASS	Gly12Cys	KRAS	NP_001356716.1
chr12	25245351	rs121913530	SamplePDACJIAHS054NDNA_TUMOR	PASS	Gly12Cys	KRAS	NP_004976.2
chr12	25245351	rs121913530	SamplePDACJIAHS054NDNA_TUMOR	PASS	Gly12Cys	KRAS	NP_203524.1
chr12	25245351	rs121913530	SamplePDACJIAHS054NDNA_NORMAL	PASS	Gly12Cys	KRAS	NP_001356715.1
chr12	25245351	rs121913530	SamplePDACJIAHS054NDNA_NORMAL	PASS	Gly12Cys	KRAS	NP_001356716.1
chr12	25245351	rs121913530	SamplePDACJIAHS054NDNA_NORMAL	PASS	Gly12Cys	KRAS	NP_004976.2
chr12	25245351	rs121913530	SamplePDACJIAHS054NDNA_NORMAL	PASS	Gly12Cys	KRAS	NP_203524.1
chr12	25206598		SamplePDACJIAHS055NDNA_TUMOR	t_lod_fstar	.	KRAS	.
chr12	25206598		SamplePDACJIAHS055NDNA_NORMAL	t_lod_fstar	.	KRAS	.
chr12	25245351	rs121913530	SamplePDACJIAHS055NDNA_TUMOR	PASS	Gly12Arg	KRAS	NP_001356715.1
chr12	25245351	rs121913530	SamplePDACJIAHS055NDNA_TUMOR	PASS	Gly12Arg	KRAS	NP_001356716.1
chr12	25245351	rs121913530	SamplePDACJIAHS055NDNA_TUMOR	PASS	Gly12Arg	KRAS	NP_004976.2
chr12	25245351	rs121913530	SamplePDACJIAHS055NDNA_TUMOR	PASS	Gly12Arg	KRAS	NP_203524.1
chr12	25245351	rs121913530	SamplePDACJIAHS055NDNA_NORMAL	PASS	Gly12Arg	KRAS	NP_001356715.1
chr12	25245351	rs121913530	SamplePDACJIAHS055NDNA_NORMAL	PASS	Gly12Arg	KRAS	NP_001356716.1
chr12	25245351	rs121913530	SamplePDACJIAHS055NDNA_NORMAL	PASS	Gly12Arg	KRAS	NP_004976.2
chr12	25245351	rs121913530	SamplePDACJIAHS055NDNA_NORMAL	PASS	Gly12Arg	KRAS	NP_203524.1
chr12	25245350	rs121913529	SamplePDACJIAHS056NDNA_TUMOR	PASS	Gly12Asp	KRAS	NP_001356715.1
chr12	25245350	rs121913529	SamplePDACJIAHS056NDNA_TUMOR	PASS	Gly12Asp	KRAS	NP_001356716.1
chr12	25245350	rs121913529	SamplePDACJIAHS056NDNA_TUMOR	PASS	Gly12Asp	KRAS	NP_004976.2
chr12	25245350	rs121913529	SamplePDACJIAHS056NDNA_TUMOR	PASS	Gly12Asp	KRAS	NP_203524.1
chr12	25245350	rs121913529	SamplePDACJIAHS056NDNA_NORMAL	PASS	Gly12Asp	KRAS	NP_001356715.1
chr12	25245350	rs121913529	SamplePDACJIAHS056NDNA_NORMAL	PASS	Gly12Asp	KRAS	NP_001356716.1
chr12	25245350	rs121913529	SamplePDACJIAHS056NDNA_NORMAL	PASS	Gly12Asp	KRAS	NP_004976.2
chr12	25245350	rs121913529	SamplePDACJIAHS056NDNA_NORMAL	PASS	Gly12Asp	KRAS	NP_203524.1
chr12	25209185		SamplePDACJIAHS057NDNA_TUMOR	t_lod_fstar	.	KRAS	.
chr12	25209185		SamplePDACJIAHS057NDNA_NORMAL	t_lod_fstar	.	KRAS	.
chr12	25245350	rs121913529	SamplePDACJIAHS057NDNA_TUMOR	PASS	Gly12Val	KRAS	NP_001356715.1
chr12	25245350	rs121913529	SamplePDACJIAHS057NDNA_TUMOR	PASS	Gly12Val	KRAS	NP_001356716.1
chr12	25245350	rs121913529	SamplePDACJIAHS057NDNA_TUMOR	PASS	Gly12Val	KRAS	NP_004976.2
chr12	25245350	rs121913529	SamplePDACJIAHS057NDNA_TUMOR	PASS	Gly12Val	KRAS	NP_203524.1
chr12	25245350	rs121913529	SamplePDACJIAHS057NDNA_NORMAL	PASS	Gly12Val	KRAS	NP_001356715.1
chr12	25245350	rs121913529	SamplePDACJIAHS057NDNA_NORMAL	PASS	Gly12Val	KRAS	NP_001356716.1
chr12	25245350	rs121913529	SamplePDACJIAHS057NDNA_NORMAL	PASS	Gly12Val	KRAS	NP_004976.2
chr12	25245350	rs121913529	SamplePDACJIAHS057NDNA_NORMAL	PASS	Gly12Val	KRAS	NP_203524.1
chr12	25245350	rs121913529	SamplePDACJIAHS058NDNA_TUMOR	PASS	Gly12Asp	KRAS	NP_001356715.1
chr12	25245350	rs121913529	SamplePDACJIAHS058NDNA_TUMOR	PASS	Gly12Asp	KRAS	NP_001356716.1
chr12	25245350	rs121913529	SamplePDACJIAHS058NDNA_TUMOR	PASS	Gly12Asp	KRAS	NP_004976.2
chr12	25245350	rs121913529	SamplePDACJIAHS058NDNA_TUMOR	PASS	Gly12Asp	KRAS	NP_203524.1
chr12	25245350	rs121913529	SamplePDACJIAHS058NDNA_NORMAL	PASS	Gly12Asp	KRAS	NP_001356715.1
chr12	25245350	rs121913529	SamplePDACJIAHS058NDNA_NORMAL	PASS	Gly12Asp	KRAS	NP_001356716.1
chr12	25245350	rs121913529	SamplePDACJIAHS058NDNA_NORMAL	PASS	Gly12Asp	KRAS	NP_004976.2
chr12	25245350	rs121913529	SamplePDACJIAHS058NDNA_NORMAL	PASS	Gly12Asp	KRAS	NP_203524.1
chr12	25245351	rs121913530	SamplePDACJIAHS059NDNA_TUMOR	PASS	Gly12Arg	KRAS	NP_001356715.1
chr12	25245351	rs121913530	SamplePDACJIAHS059NDNA_TUMOR	PASS	Gly12Arg	KRAS	NP_001356716.1
chr12	25245351	rs121913530	SamplePDACJIAHS059NDNA_TUMOR	PASS	Gly12Arg	KRAS	NP_004976.2
chr12	25245351	rs121913530	SamplePDACJIAHS059NDNA_TUMOR	PASS	Gly12Arg	KRAS	NP_203524.1
chr12	25245351	rs121913530	SamplePDACJIAHS059NDNA_NORMAL	PASS	Gly12Arg	KRAS	NP_001356715.1
chr12	25245351	rs121913530	SamplePDACJIAHS059NDNA_NORMAL	PASS	Gly12Arg	KRAS	NP_001356716.1
chr12	25245351	rs121913530	SamplePDACJIAHS059NDNA_NORMAL	PASS	Gly12Arg	KRAS	NP_004976.2
chr12	25245351	rs121913530	SamplePDACJIAHS059NDNA_NORMAL	PASS	Gly12Arg	KRAS	NP_203524.1
chr12	25245350	rs121913529	SamplePDACJIAHS060NDNA_TUMOR	PASS	Gly12Asp	KRAS	NP_001356715.1
chr12	25245350	rs121913529	SamplePDACJIAHS060NDNA_TUMOR	PASS	Gly12Asp	KRAS	NP_001356716.1
chr12	25245350	rs121913529	SamplePDACJIAHS060NDNA_TUMOR	PASS	Gly12Asp	KRAS	NP_004976.2
chr12	25245350	rs121913529	SamplePDACJIAHS060NDNA_TUMOR	PASS	Gly12Asp	KRAS	NP_203524.1
chr12	25245350	rs121913529	SamplePDACJIAHS060NDNA_NORMAL	PASS	Gly12Asp	KRAS	NP_001356715.1
chr12	25245350	rs121913529	SamplePDACJIAHS060NDNA_NORMAL	PASS	Gly12Asp	KRAS	NP_001356716.1
chr12	25245350	rs121913529	SamplePDACJIAHS060NDNA_NORMAL	PASS	Gly12Asp	KRAS	NP_004976.2
chr12	25245350	rs121913529	SamplePDACJIAHS060NDNA_NORMAL	PASS	Gly12Asp	KRAS	NP_203524.1
chr12	25206242		SamplePDACJIAHS061NDNA_TUMOR	t_lod_fstar	.	KRAS	.
chr12	25206242		SamplePDACJIAHS061NDNA_NORMAL	t_lod_fstar	.	KRAS	.
chr12	25245350	rs121913529	SamplePDACJIAHS061NDNA_TUMOR	triallelic_site	Gly12Val	KRAS	NP_001356715.1
chr12	25245350	rs121913529	SamplePDACJIAHS061NDNA_TUMOR	triallelic_site	Gly12Val	KRAS	NP_001356716.1
chr12	25245350	rs121913529	SamplePDACJIAHS061NDNA_TUMOR	triallelic_site	Gly12Val	KRAS	NP_004976.2
chr12	25245350	rs121913529	SamplePDACJIAHS061NDNA_TUMOR	triallelic_site	Gly12Val	KRAS	NP_203524.1
chr12	25245350	rs121913529	SamplePDACJIAHS061NDNA_NORMAL	triallelic_site	Gly12Val	KRAS	NP_001356715.1
chr12	25245350	rs121913529	SamplePDACJIAHS061NDNA_NORMAL	triallelic_site	Gly12Val	KRAS	NP_001356716.1
chr12	25245350	rs121913529	SamplePDACJIAHS061NDNA_NORMAL	triallelic_site	Gly12Val	KRAS	NP_004976.2
chr12	25245350	rs121913529	SamplePDACJIAHS061NDNA_NORMAL	triallelic_site	Gly12Val	KRAS	NP_203524.1
chr12	25209250		SamplePDACJIAHS062NDNA_TUMOR	t_lod_fstar	.	KRAS	.
chr12	25209250		SamplePDACJIAHS062NDNA_NORMAL	t_lod_fstar	.	KRAS	.
chr12	25245351	rs121913530	SamplePDACJIAHS062NDNA_TUMOR	PASS	Gly12Arg	KRAS	NP_001356715.1
chr12	25245351	rs121913530	SamplePDACJIAHS062NDNA_TUMOR	PASS	Gly12Arg	KRAS	NP_001356716.1
chr12	25245351	rs121913530	SamplePDACJIAHS062NDNA_TUMOR	PASS	Gly12Arg	KRAS	NP_004976.2
chr12	25245351	rs121913530	SamplePDACJIAHS062NDNA_TUMOR	PASS	Gly12Arg	KRAS	NP_203524.1
chr12	25245351	rs121913530	SamplePDACJIAHS062NDNA_NORMAL	PASS	Gly12Arg	KRAS	NP_001356715.1
chr12	25245351	rs121913530	SamplePDACJIAHS062NDNA_NORMAL	PASS	Gly12Arg	KRAS	NP_001356716.1
chr12	25245351	rs121913530	SamplePDACJIAHS062NDNA_NORMAL	PASS	Gly12Arg	KRAS	NP_004976.2
chr12	25245351	rs121913530	SamplePDACJIAHS062NDNA_NORMAL	PASS	Gly12Arg	KRAS	NP_203524.1
chr12	25245350	rs121913529	SamplePDACJIAHS063NDNA_TUMOR	PASS	Gly12Val	KRAS	NP_001356715.1
chr12	25245350	rs121913529	SamplePDACJIAHS063NDNA_TUMOR	PASS	Gly12Val	KRAS	NP_001356716.1
chr12	25245350	rs121913529	SamplePDACJIAHS063NDNA_TUMOR	PASS	Gly12Val	KRAS	NP_004976.2
chr12	25245350	rs121913529	SamplePDACJIAHS063NDNA_TUMOR	PASS	Gly12Val	KRAS	NP_203524.1
chr12	25245350	rs121913529	SamplePDACJIAHS063NDNA_NORMAL	PASS	Gly12Val	KRAS	NP_001356715.1
chr12	25245350	rs121913529	SamplePDACJIAHS063NDNA_NORMAL	PASS	Gly12Val	KRAS	NP_001356716.1
chr12	25245350	rs121913529	SamplePDACJIAHS063NDNA_NORMAL	PASS	Gly12Val	KRAS	NP_004976.2
chr12	25245350	rs121913529	SamplePDACJIAHS063NDNA_NORMAL	PASS	Gly12Val	KRAS	NP_203524.1
chr12	25245351	rs121913530	SamplePDACJIAHS064NDNA_TUMOR	PASS	Gly12Arg	KRAS	NP_001356715.1
chr12	25245351	rs121913530	SamplePDACJIAHS064NDNA_TUMOR	PASS	Gly12Arg	KRAS	NP_001356716.1
chr12	25245351	rs121913530	SamplePDACJIAHS064NDNA_TUMOR	PASS	Gly12Arg	KRAS	NP_004976.2
chr12	25245351	rs121913530	SamplePDACJIAHS064NDNA_TUMOR	PASS	Gly12Arg	KRAS	NP_203524.1
chr12	25245351	rs121913530	SamplePDACJIAHS064NDNA_NORMAL	PASS	Gly12Arg	KRAS	NP_001356715.1
chr12	25245351	rs121913530	SamplePDACJIAHS064NDNA_NORMAL	PASS	Gly12Arg	KRAS	NP_001356716.1
chr12	25245351	rs121913530	SamplePDACJIAHS064NDNA_NORMAL	PASS	Gly12Arg	KRAS	NP_004976.2
chr12	25245351	rs121913530	SamplePDACJIAHS064NDNA_NORMAL	PASS	Gly12Arg	KRAS	NP_203524.1
chr12	25215462		SamplePDACJIAHS065NDNA_TUMOR	clustered_events;multi_event_alt_allele_in_normal;t_lod_fstar	Ile183%3D	KRAS	NP_001356715.1
chr12	25215462		SamplePDACJIAHS065NDNA_TUMOR	clustered_events;multi_event_alt_allele_in_normal;t_lod_fstar	.	KRAS	.
chr12	25215462		SamplePDACJIAHS065NDNA_TUMOR	clustered_events;multi_event_alt_allele_in_normal;t_lod_fstar	Ile183%3D	KRAS	NP_203524.1
chr12	25215462		SamplePDACJIAHS065NDNA_NORMAL	clustered_events;multi_event_alt_allele_in_normal;t_lod_fstar	Ile183%3D	KRAS	NP_001356715.1
chr12	25215462		SamplePDACJIAHS065NDNA_NORMAL	clustered_events;multi_event_alt_allele_in_normal;t_lod_fstar	.	KRAS	.
chr12	25215462		SamplePDACJIAHS065NDNA_NORMAL	clustered_events;multi_event_alt_allele_in_normal;t_lod_fstar	Ile183%3D	KRAS	NP_203524.1
chr12	25215462		SamplePDACJIAHS065NDNA_TUMOR	clustered_events;multi_event_alt_allele_in_normal;t_lod_fstar	Ile183Lys	KRAS	NP_001356715.1
chr12	25215462		SamplePDACJIAHS065NDNA_TUMOR	clustered_events;multi_event_alt_allele_in_normal;t_lod_fstar	Ile183Lys	KRAS	NP_203524.1
chr12	25215462		SamplePDACJIAHS065NDNA_NORMAL	clustered_events;multi_event_alt_allele_in_normal;t_lod_fstar	Ile183Lys	KRAS	NP_001356715.1
chr12	25215462		SamplePDACJIAHS065NDNA_NORMAL	clustered_events;multi_event_alt_allele_in_normal;t_lod_fstar	Ile183Lys	KRAS	NP_203524.1
chr12	25215463		SamplePDACJIAHS065NDNA_TUMOR	clustered_events;multi_event_alt_allele_in_normal;t_lod_fstar	Ile183Asn	KRAS	NP_001356715.1
chr12	25215463		SamplePDACJIAHS065NDNA_TUMOR	clustered_events;multi_event_alt_allele_in_normal;t_lod_fstar	.	KRAS	.
chr12	25215463		SamplePDACJIAHS065NDNA_TUMOR	clustered_events;multi_event_alt_allele_in_normal;t_lod_fstar	Ile183Asn	KRAS	NP_203524.1
chr12	25215463		SamplePDACJIAHS065NDNA_NORMAL	clustered_events;multi_event_alt_allele_in_normal;t_lod_fstar	Ile183Asn	KRAS	NP_001356715.1
chr12	25215463		SamplePDACJIAHS065NDNA_NORMAL	clustered_events;multi_event_alt_allele_in_normal;t_lod_fstar	.	KRAS	.
chr12	25215463		SamplePDACJIAHS065NDNA_NORMAL	clustered_events;multi_event_alt_allele_in_normal;t_lod_fstar	Ile183Asn	KRAS	NP_203524.1
chr12	25215468		SamplePDACJIAHS065NDNA_TUMOR	clustered_events;multi_event_alt_allele_in_normal;t_lod_fstar	Val181%3D	KRAS	NP_001356715.1
chr12	25215468		SamplePDACJIAHS065NDNA_TUMOR	clustered_events;multi_event_alt_allele_in_normal;t_lod_fstar	.	KRAS	.
chr12	25215468		SamplePDACJIAHS065NDNA_TUMOR	clustered_events;multi_event_alt_allele_in_normal;t_lod_fstar	Val181%3D	KRAS	NP_203524.1
chr12	25215468		SamplePDACJIAHS065NDNA_NORMAL	clustered_events;multi_event_alt_allele_in_normal;t_lod_fstar	Val181%3D	KRAS	NP_001356715.1
chr12	25215468		SamplePDACJIAHS065NDNA_NORMAL	clustered_events;multi_event_alt_allele_in_normal;t_lod_fstar	.	KRAS	.
chr12	25215468		SamplePDACJIAHS065NDNA_NORMAL	clustered_events;multi_event_alt_allele_in_normal;t_lod_fstar	Val181%3D	KRAS	NP_203524.1
chr12	25245350	rs121913529	SamplePDACJIAHS065NDNA_TUMOR	PASS	Gly12Val	KRAS	NP_001356715.1
chr12	25245350	rs121913529	SamplePDACJIAHS065NDNA_TUMOR	PASS	Gly12Val	KRAS	NP_001356716.1
chr12	25245350	rs121913529	SamplePDACJIAHS065NDNA_TUMOR	PASS	Gly12Val	KRAS	NP_004976.2
chr12	25245350	rs121913529	SamplePDACJIAHS065NDNA_TUMOR	PASS	Gly12Val	KRAS	NP_203524.1
chr12	25245350	rs121913529	SamplePDACJIAHS065NDNA_NORMAL	PASS	Gly12Val	KRAS	NP_001356715.1
chr12	25245350	rs121913529	SamplePDACJIAHS065NDNA_NORMAL	PASS	Gly12Val	KRAS	NP_001356716.1
chr12	25245350	rs121913529	SamplePDACJIAHS065NDNA_NORMAL	PASS	Gly12Val	KRAS	NP_004976.2
chr12	25245350	rs121913529	SamplePDACJIAHS065NDNA_NORMAL	PASS	Gly12Val	KRAS	NP_203524.1
