Gene_symbol,Sample,Exome_Mutations,Remy_Mutations,total_number,common_muts,percentage,Chip_only,Exome_only
ACVR1B,PDAC014T,R484S,R484S| R432S| R525S,19,R484S; K3746N; G12V; N345K; Q635E,26.3, R432S;  R525S; A2180T;  A2581T;  A2787T; R181W;  R190W; E154K;  E127K;  E247K;  E286K,A2581T; R208W; E286K
ADAMTS16,PDAC025T,R252C,R252C,20,R252C; R256Q; G12D; R14W,20,R58X; F450L;  F475L; R445X; K84fs; R43H;  R16H;  R136H;  R175H,downstream_gene_variant; F475L;  upstream_gene_variant;  regulatory_region_variant; R445*; V86Lfs*31; R175H
ADAMTS16,PDAC028T,R659*,R659X,12,G12V,8.3,R659X; R676H;  R646H;  R682H; L125fs;  L98fs;  L218fs;  L257fs,R659*; R646H; L257Rfs*5
AJUBA,PDAC013T,V480M,V63M| V480M,16,L7Q; D401Y; G12D,18.8,V63M;  V480M; A563G;  A652G;  A568G;  A740G; I122T;  I95T;  I215T;  I254T,V480M; A740G; I254T
AKAP9,PDAC012T,splice_donor_variant,splicing:c.576+1G>T,15,Q61K,6.7,splicing:c.576+1G>T; R549H; Q253X;  Q264X; R43H;  R16H;  R136H;  R175H,splice_donor_variant; R488H;  R549H;  regulatory_region_variant; Q253*; R175H
AKAP9,PDAC031T,H2909Q,H2917Q| H2909Q,23, S522L; T896M; G12D; R4084C; E330G; E95K,26.1,H2917Q;  H2909Q; E120X;  E69fs;  G83fs; G1178A;  G1194A; R273H; H47Q;  H20Q;  H140Q;  H179Q,H2909Q; downstream_gene_variant; G1194A; upstream_gene_variant; H179Q
APC,PDAC030T,T1852I,T1834I| T1852I,7,G12V; R361H,28.6,T1834I;  T1852I; L6fs,T1852I; A11Sfs*78
ARID1A,PDAC011T,Q1145Pfs*48,G1143fs,14,G12D; K1694T; R162C,21.4,G1143fs; N1065D;  N1177D;  N1153D; R528G;  R553G,Q1145Pfs*48; N1177D; R553G;  R528G;  regulatory_region_variant
ARID1A,PDAC015T,S2104F,S2104F| S1887F,14,S2104F; S264L; R4411S; G12D; N76S; R515I,42.9, S1887F; 24_25del; E48fs;  E21fs;  E141fs;  E180fs,V25NA; R181*
ARID1A,PDAC021T,G1016Wfs*2,G1015fs,15,G12V,6.7,G1015fs; M1982I;  M2020I; C2694fs;  C2654fs; R116Q;  R89Q;  R209Q;  R248Q,G1016Wfs*2; M2020I;  M1982I; C2694Lfs*20; R248Q
ARID1A,PDAC027T,L2014R,L2014R| L1797R,13,L2014R; G12V; L946S; N458S,30.8, L1797R;  L399S; splicing:c.957-1G>T; G113S;  G86S;  G206S;  G245S,splice_acceptor_variant; G245S
ASXL1,PDAC012T,R488H| R549H| regulatory_region_variant,R549H,15,Q61K,6.7,splicing:c.576+1G>T; R549H; Q253X;  Q264X; R43H;  R16H;  R136H;  R175H,splice_donor_variant; R488H;  R549H;  regulatory_region_variant; Q253*; R175H
ATRX,PDAC007T,intron_variant| P1548L| P1510L,P1510L| P1548L,5, P1548L; G12D,40,P1510L,intron_variant;  P1510L
ATRX,PDAC021T,M2020I| M1982I,M1982I| M2020I,15,G12V,6.7,G1015fs; M1982I;  M2020I; C2694fs;  C2654fs; R116Q;  R89Q;  R209Q;  R248Q,G1016Wfs*2; M2020I;  M1982I; C2694Lfs*20; R248Q
BRCA2,PDAC009T,F516L,F516L,4,F516L,25,555_555del;  702_702del,P702NA
CD22,PDAC013T,A740G,A563G| A652G| A568G| A740G,16,L7Q; D401Y; G12D,18.8,V63M;  V480M; A563G;  A652G;  A568G;  A740G; I122T;  I95T;  I215T;  I254T,V480M; A740G; I254T
CD33,PDAC013T,L7Q,L7Q,16,L7Q; D401Y; G12D,18.8,V63M;  V480M; A563G;  A652G;  A568G;  A740G; I122T;  I95T;  I215T;  I254T,V480M; A740G; I254T
CD38,PDAC015T,S264L,S264L,14,S2104F; S264L; R4411S; G12D; N76S; R515I,42.9, S1887F; 24_25del; E48fs;  E21fs;  E141fs;  E180fs,V25NA; R181*
CDKN2A,PDAC015T,V25NA,24_25del,14,S2104F; S264L; R4411S; G12D; N76S; R515I,42.9, S1887F; 24_25del; E48fs;  E21fs;  E141fs;  E180fs,V25NA; R181*
CDKN2A,PDAC018T,downstream_gene_variant,R80X,14,G12D; A2131V,14.3,R80X; R720H;  R708H;  R650H;  R778H; splicing:c.672+1G>A;  splicing:c.195+1G>A;  splicing:c.276+1G>A;  splicing:c.555+1G>A,downstream_gene_variant; R778H; splice_donor_variant
CDKN2A,PDAC019T,downstream_gene_variant,R80X,13,G12V;  P1142L; V47A,23.1,R80X; R2785W;  R2932W; P1092L;  P1143L,downstream_gene_variant; R2932W; P1143L;  P1092L;  P1022L
CDKN2A,PDAC023T,downstream_gene_variant,H83Y| A97V,26,K692R;  K628R; R1160I; G12C; A796E; C132W; M1731L;  D607G,30.8,H83Y;  A97V; C791R;  C895R;  C855R; Q95K;  Q39K;  Q150K;  Q201K;  Q202K;  Q186K; F2V;  F95V;  F134V,downstream_gene_variant; C895R; Q185K; F134V
CDKN2A,PDAC025T,downstream_gene_variant,R58X,20,R252C; R256Q; G12D; R14W,20,R58X; F450L;  F475L; R445X; K84fs; R43H;  R16H;  R136H;  R175H,downstream_gene_variant; F475L;  upstream_gene_variant;  regulatory_region_variant; R445*; V86Lfs*31; R175H
CDKN2A,PDAC031T,downstream_gene_variant,E120X| E69fs| G83fs,23, S522L; T896M; G12D; R4084C; E330G; E95K,26.1,H2917Q;  H2909Q; E120X;  E69fs;  G83fs; G1178A;  G1194A; R273H; H47Q;  H20Q;  H140Q;  H179Q,H2909Q; downstream_gene_variant; G1194A; upstream_gene_variant; H179Q
COL6A3,PDAC014T,A2581T,A2180T| A2581T| A2787T,19,R484S; K3746N; G12V; N345K; Q635E,26.3, R432S;  R525S; A2180T;  A2581T;  A2787T; R181W;  R190W; E154K;  E127K;  E247K;  E286K,A2581T; R208W; E286K
CRB1,PDAC011T,N1177D,N1065D| N1177D| N1153D,14,G12D; K1694T; R162C,21.4,G1143fs; N1065D;  N1177D;  N1153D; R528G;  R553G,Q1145Pfs*48; N1177D; R553G;  R528G;  regulatory_region_variant
CSMD3,PDAC021T,C2694Lfs*20,C2694fs| C2654fs,15,G12V,6.7,G1015fs; M1982I;  M2020I; C2694fs;  C2654fs; R116Q;  R89Q;  R209Q;  R248Q,G1016Wfs*2; M2020I;  M1982I; C2694Lfs*20; R248Q
CSMD3,PDAC023T,C895R,C791R| C895R| C855R,26,K692R;  K628R; R1160I; G12C; A796E; C132W; M1731L;  D607G,30.8,H83Y;  A97V; C791R;  C895R;  C855R; Q95K;  Q39K;  Q150K;  Q201K;  Q202K;  Q186K; F2V;  F95V;  F134V,downstream_gene_variant; C895R; Q185K; F134V
CTNNA1,PDAC008T,R731Q,R361Q| R628Q| R731Q| R608Q,17,G12D,5.9,R361Q;  R628Q;  R731Q;  R608Q; E120fs;  E280fs;  E93fs;  E68fs;  E137fs; R528G;  R553G,R731Q; A98Qfs*5; R553G;  R528G;  regulatory_region_variant
DNER,PDAC025T,R256Q,R256Q,20,R252C; R256Q; G12D; R14W,20,R58X; F450L;  F475L; R445X; K84fs; R43H;  R16H;  R136H;  R175H,downstream_gene_variant; F475L;  upstream_gene_variant;  regulatory_region_variant; R445*; V86Lfs*31; R175H
DYNC1H1,PDAC015T,R4411S,R4411S,14,S2104F; S264L; R4411S; G12D; N76S; R515I,42.9, S1887F; 24_25del; E48fs;  E21fs;  E141fs;  E180fs,V25NA; R181*
ERBB4,PDAC031T,G1194A| S522L,G1178A| G1194A| S522L,23, S522L; T896M; G12D; R4084C; E330G; E95K,26.1,H2917Q;  H2909Q; E120X;  E69fs;  G83fs; G1178A;  G1194A; R273H; H47Q;  H20Q;  H140Q;  H179Q,H2909Q; downstream_gene_variant; G1194A; upstream_gene_variant; H179Q
ERCC3,PDAC023T,K692R| K628R,K692R| K628R,26,K692R;  K628R; R1160I; G12C; A796E; C132W; M1731L;  D607G,30.8,H83Y;  A97V; C791R;  C895R;  C855R; Q95K;  Q39K;  Q150K;  Q201K;  Q202K;  Q186K; F2V;  F95V;  F134V,downstream_gene_variant; C895R; Q185K; F134V
FAM135B,PDAC013T,D401Y,D401Y,16,L7Q; D401Y; G12D,18.8,V63M;  V480M; A563G;  A652G;  A568G;  A740G; I122T;  I95T;  I215T;  I254T,V480M; A740G; I254T
FANCD2,PDAC023T,R1160I,R1160I,26,K692R;  K628R; R1160I; G12C; A796E; C132W; M1731L;  D607G,30.8,H83Y;  A97V; C791R;  C895R;  C855R; Q95K;  Q39K;  Q150K;  Q201K;  Q202K;  Q186K; F2V;  F95V;  F134V,downstream_gene_variant; C895R; Q185K; F134V
FANCD2,PDAC031T,T896M,T896M,23, S522L; T896M; G12D; R4084C; E330G; E95K,26.1,H2917Q;  H2909Q; E120X;  E69fs;  G83fs; G1178A;  G1194A; R273H; H47Q;  H20Q;  H140Q;  H179Q,H2909Q; downstream_gene_variant; G1194A; upstream_gene_variant; H179Q
FANCL,PDAC004T,splice_acceptor_variant| splice_acceptor_variant&non_coding_transcript_variant,splicing:c.97-2A>G,11,G12D,9.1,splicing:c.97-2A>G; L201X; R116W;  R89W;  R209W;  R248W,splice_acceptor_variant;  splice_acceptor_variant&non_coding_transcript_variant; L201*; R248W
FANCL,PDAC005T,splice_acceptor_variant| splice_acceptor_variant&non_coding_transcript_variant,splicing:c.97-2A>G,14,G12D,7.1,splicing:c.97-2A>G; G733A;  G732A; L201X; R116W;  R89W;  R209W;  R248W,splice_acceptor_variant;  splice_acceptor_variant&non_coding_transcript_variant; G732A; L201*; R248W
FAT1,PDAC014T,K3746N,K3746N,19,R484S; K3746N; G12V; N345K; Q635E,26.3, R432S;  R525S; A2180T;  A2581T;  A2787T; R181W;  R190W; E154K;  E127K;  E247K;  E286K,A2581T; R208W; E286K
FES,PDAC018T,R778H,R720H| R708H| R650H| R778H,14,G12D; A2131V,14.3,R80X; R720H;  R708H;  R650H;  R778H; splicing:c.672+1G>A;  splicing:c.195+1G>A;  splicing:c.276+1G>A;  splicing:c.555+1G>A,downstream_gene_variant; R778H; splice_donor_variant
FGFR1,PDAC026T,R209C| R201C| R207C| R120C| R240C| R118C| regulatory_region_variant,R120C| R118C| R209C| R207C| R201C| R240C,15, R201C;  R207C;  R240C;  R118C; G12R,33.3,R120C;  R209C; R43H;  R16H;  R136H;  R175H,R209C;  R120C;  regulatory_region_variant; R175H
GNAS,PDAC031T,upstream_gene_variant,R273H,23, S522L; T896M; G12D; R4084C; E330G; E95K,26.1,H2917Q;  H2909Q; E120X;  E69fs;  G83fs; G1178A;  G1194A; R273H; H47Q;  H20Q;  H140Q;  H179Q,H2909Q; downstream_gene_variant; G1194A; upstream_gene_variant; H179Q
GRM1,PDAC030T,A11Sfs*78,L6fs,7,G12V; R361H,28.6,T1834I;  T1852I; L6fs,T1852I; A11Sfs*78
ING1,PDAC008T,A98Qfs*5,E120fs| E280fs| E93fs| E68fs| E137fs,17,G12D,5.9,R361Q;  R628Q;  R731Q;  R608Q; E120fs;  E280fs;  E93fs;  E68fs;  E137fs; R528G;  R553G,R731Q; A98Qfs*5; R553G;  R528G;  regulatory_region_variant
KRAS,PDAC003T,G12D,G12D,17,G12D; L2992F,11.8,T860M; splicing:c.1119+1G>T;  splicing:c.1086+1G>T; A589V;  A599V;  A625V; wholegene; Q4P;  Q97P;  Q136P,intron_variant&non_coding_transcript_variant; splice_donor_variant; A625V; start_lost&5_prime_UTR_variant; Q136P
KRAS,PDAC004T,G12D,G12D,11,G12D,9.1,splicing:c.97-2A>G; L201X; R116W;  R89W;  R209W;  R248W,splice_acceptor_variant;  splice_acceptor_variant&non_coding_transcript_variant; L201*; R248W
KRAS,PDAC005T,G12D,G12D,14,G12D,7.1,splicing:c.97-2A>G; G733A;  G732A; L201X; R116W;  R89W;  R209W;  R248W,splice_acceptor_variant;  splice_acceptor_variant&non_coding_transcript_variant; G732A; L201*; R248W
KRAS,PDAC007T,G12D,G12D,5, P1548L; G12D,40,P1510L,intron_variant;  P1510L
KRAS,PDAC008T,G12D,G12D,17,G12D,5.9,R361Q;  R628Q;  R731Q;  R608Q; E120fs;  E280fs;  E93fs;  E68fs;  E137fs; R528G;  R553G,R731Q; A98Qfs*5; R553G;  R528G;  regulatory_region_variant
KRAS,PDAC011T,G12D,G12D,14,G12D; K1694T; R162C,21.4,G1143fs; N1065D;  N1177D;  N1153D; R528G;  R553G,Q1145Pfs*48; N1177D; R553G;  R528G;  regulatory_region_variant
KRAS,PDAC012T,Q61K,Q61K,15,Q61K,6.7,splicing:c.576+1G>T; R549H; Q253X;  Q264X; R43H;  R16H;  R136H;  R175H,splice_donor_variant; R488H;  R549H;  regulatory_region_variant; Q253*; R175H
KRAS,PDAC013T,G12D,G12D,16,L7Q; D401Y; G12D,18.8,V63M;  V480M; A563G;  A652G;  A568G;  A740G; I122T;  I95T;  I215T;  I254T,V480M; A740G; I254T
KRAS,PDAC014T,G12V,G12V,19,R484S; K3746N; G12V; N345K; Q635E,26.3, R432S;  R525S; A2180T;  A2581T;  A2787T; R181W;  R190W; E154K;  E127K;  E247K;  E286K,A2581T; R208W; E286K
KRAS,PDAC015T,G12D,G12D,14,S2104F; S264L; R4411S; G12D; N76S; R515I,42.9, S1887F; 24_25del; E48fs;  E21fs;  E141fs;  E180fs,V25NA; R181*
KRAS,PDAC016T,G12R,G12R,6,G12R,16.7,C44F;  C17F;  C137F;  C176F,C176F
KRAS,PDAC017T,G12V,G12V,6,G12V; R90C,33.3,D951N; A36fs,D956N; R38Efs*7
KRAS,PDAC018T,G12D,G12D,14,G12D; A2131V,14.3,R80X; R720H;  R708H;  R650H;  R778H; splicing:c.672+1G>A;  splicing:c.195+1G>A;  splicing:c.276+1G>A;  splicing:c.555+1G>A,downstream_gene_variant; R778H; splice_donor_variant
KRAS,PDAC019T,G12V,G12V,13,G12V;  P1142L; V47A,23.1,R80X; R2785W;  R2932W; P1092L;  P1143L,downstream_gene_variant; R2932W; P1143L;  P1092L;  P1022L
KRAS,PDAC020T,G12D,G12D,7,G12D,14.3,E520fs; P20fs;  P113fs;  P152fs,T521Hfs*16; P153Afs*28
KRAS,PDAC021T,G12V,G12V,15,G12V,6.7,G1015fs; M1982I;  M2020I; C2694fs;  C2654fs; R116Q;  R89Q;  R209Q;  R248Q,G1016Wfs*2; M2020I;  M1982I; C2694Lfs*20; R248Q
KRAS,PDAC022T,G12R,G12R,5,G12R; G3195R,40,A47fs;  A86fs,A86Vfs*55
KRAS,PDAC023T,G12C,G12C,26,K692R;  K628R; R1160I; G12C; A796E; C132W; M1731L;  D607G,30.8,H83Y;  A97V; C791R;  C895R;  C855R; Q95K;  Q39K;  Q150K;  Q201K;  Q202K;  Q186K; F2V;  F95V;  F134V,downstream_gene_variant; C895R; Q185K; F134V
KRAS,PDAC024T,G12D,G12R,7,"",0,G12R; C44F;  C17F;  C137F;  C176F,G12D; R273L
KRAS,PDAC025T,G12D,G12D,20,R252C; R256Q; G12D; R14W,20,R58X; F450L;  F475L; R445X; K84fs; R43H;  R16H;  R136H;  R175H,downstream_gene_variant; F475L;  upstream_gene_variant;  regulatory_region_variant; R445*; V86Lfs*31; R175H
KRAS,PDAC026T,G12R,G12R,15, R201C;  R207C;  R240C;  R118C; G12R,33.3,R120C;  R209C; R43H;  R16H;  R136H;  R175H,R209C;  R120C;  regulatory_region_variant; R175H
KRAS,PDAC027T,G12V,G12V,13,L2014R; G12V; L946S; N458S,30.8, L1797R;  L399S; splicing:c.957-1G>T; G113S;  G86S;  G206S;  G245S,splice_acceptor_variant; G245S
KRAS,PDAC028T,G12V,G12V,12,G12V,8.3,R659X; R676H;  R646H;  R682H; L125fs;  L98fs;  L218fs;  L257fs,R659*; R646H; L257Rfs*5
KRAS,PDAC029T,G12D,G12D,8,G12D,12.5,Q552X; P738L;  P712L,Q552*; P712L;  P738L;  non_coding_transcript_exon_variant
KRAS,PDAC030T,G12V,G12V,7,G12V; R361H,28.6,T1834I;  T1852I; L6fs,T1852I; A11Sfs*78
KRAS,PDAC031T,G12D,G12D,23, S522L; T896M; G12D; R4084C; E330G; E95K,26.1,H2917Q;  H2909Q; E120X;  E69fs;  G83fs; G1178A;  G1194A; R273H; H47Q;  H20Q;  H140Q;  H179Q,H2909Q; downstream_gene_variant; G1194A; upstream_gene_variant; H179Q
L3MBTL3,PDAC025T,F475L,F450L| F475L,20,R252C; R256Q; G12D; R14W,20,R58X; F450L;  F475L; R445X; K84fs; R43H;  R16H;  R136H;  R175H,downstream_gene_variant; F475L;  upstream_gene_variant;  regulatory_region_variant; R445*; V86Lfs*31; R175H
LRP1B,PDAC003T,L2992F,L2992F,17,G12D; L2992F,11.8,T860M; splicing:c.1119+1G>T;  splicing:c.1086+1G>T; A589V;  A599V;  A625V; wholegene; Q4P;  Q97P;  Q136P,intron_variant&non_coding_transcript_variant; splice_donor_variant; A625V; start_lost&5_prime_UTR_variant; Q136P
LRP1B,PDAC011T,K1694T,K1694T,14,G12D; K1694T; R162C,21.4,G1143fs; N1065D;  N1177D;  N1153D; R528G;  R553G,Q1145Pfs*48; N1177D; R553G;  R528G;  regulatory_region_variant
LRP1B,PDAC031T,R4084C,R4084C,23, S522L; T896M; G12D; R4084C; E330G; E95K,26.1,H2917Q;  H2909Q; E120X;  E69fs;  G83fs; G1178A;  G1194A; R273H; H47Q;  H20Q;  H140Q;  H179Q,H2909Q; downstream_gene_variant; G1194A; upstream_gene_variant; H179Q
LRRC7,PDAC017T,D956N,D951N,6,G12V; R90C,33.3,D951N; A36fs,D956N; R38Efs*7
MAP2,PDAC003T,intron_variant&non_coding_transcript_variant,T860M,17,G12D; L2992F,11.8,T860M; splicing:c.1119+1G>T;  splicing:c.1086+1G>T; A589V;  A599V;  A625V; wholegene; Q4P;  Q97P;  Q136P,intron_variant&non_coding_transcript_variant; splice_donor_variant; A625V; start_lost&5_prime_UTR_variant; Q136P
MAP2K4,PDAC003T,splice_donor_variant,splicing:c.1119+1G>T| splicing:c.1086+1G>T,17,G12D; L2992F,11.8,T860M; splicing:c.1119+1G>T;  splicing:c.1086+1G>T; A589V;  A599V;  A625V; wholegene; Q4P;  Q97P;  Q136P,intron_variant&non_coding_transcript_variant; splice_donor_variant; A625V; start_lost&5_prime_UTR_variant; Q136P
MAP2K4,PDAC012T,Q253*,Q253X| Q264X,15,Q61K,6.7,splicing:c.576+1G>T; R549H; Q253X;  Q264X; R43H;  R16H;  R136H;  R175H,splice_donor_variant; R488H;  R549H;  regulatory_region_variant; Q253*; R175H
MAP3K1,PDAC011T,R162C,R162C,14,G12D; K1694T; R162C,21.4,G1143fs; N1065D;  N1177D;  N1153D; R528G;  R553G,Q1145Pfs*48; N1177D; R553G;  R528G;  regulatory_region_variant
MAP3K4,PDAC027T,L946S,L946S| L399S,13,L2014R; G12V; L946S; N458S,30.8, L1797R;  L399S; splicing:c.957-1G>T; G113S;  G86S;  G206S;  G245S,splice_acceptor_variant; G245S
MDN1,PDAC015T,N76S,N76S,14,S2104F; S264L; R4411S; G12D; N76S; R515I,42.9, S1887F; 24_25del; E48fs;  E21fs;  E141fs;  E180fs,V25NA; R181*
MITF,PDAC023T,Q185K,Q95K| Q39K| Q150K| Q201K| Q202K| Q186K,26,K692R;  K628R; R1160I; G12C; A796E; C132W; M1731L;  D607G,30.8,H83Y;  A97V; C791R;  C895R;  C855R; Q95K;  Q39K;  Q150K;  Q201K;  Q202K;  Q186K; F2V;  F95V;  F134V,downstream_gene_variant; C895R; Q185K; F134V
MXRA5,PDAC018T,A2131V,A2131V,14,G12D; A2131V,14.3,R80X; R720H;  R708H;  R650H;  R778H; splicing:c.672+1G>A;  splicing:c.195+1G>A;  splicing:c.276+1G>A;  splicing:c.555+1G>A,downstream_gene_variant; R778H; splice_donor_variant
NCAM1,PDAC003T,A625V,A589V| A599V| A625V,17,G12D; L2992F,11.8,T860M; splicing:c.1119+1G>T;  splicing:c.1086+1G>T; A589V;  A599V;  A625V; wholegene; Q4P;  Q97P;  Q136P,intron_variant&non_coding_transcript_variant; splice_donor_variant; A625V; start_lost&5_prime_UTR_variant; Q136P
NOTCH2,PDAC027T,N458S,N458S,13,L2014R; G12V; L946S; N458S,30.8, L1797R;  L399S; splicing:c.957-1G>T; G113S;  G86S;  G206S;  G245S,splice_acceptor_variant; G245S
NOTCH3,PDAC017T,R90C,R90C,6,G12V; R90C,33.3,D951N; A36fs,D956N; R38Efs*7
NTRK1,PDAC028T,R646H,R676H| R646H| R682H,12,G12V,8.3,R659X; R676H;  R646H;  R682H; L125fs;  L98fs;  L218fs;  L257fs,R659*; R646H; L257Rfs*5
NTRK2,PDAC025T,R14W| upstream_gene_variant| regulatory_region_variant,R14W,20,R252C; R256Q; G12D; R14W,20,R58X; F450L;  F475L; R445X; K84fs; R43H;  R16H;  R136H;  R175H,downstream_gene_variant; F475L;  upstream_gene_variant;  regulatory_region_variant; R445*; V86Lfs*31; R175H
PALB2,PDAC029T,Q552*,Q552X,8,G12D,12.5,Q552X; P738L;  P712L,Q552*; P712L;  P738L;  non_coding_transcript_exon_variant
PCNA,PDAC003T,start_lost&5_prime_UTR_variant,wholegene,17,G12D; L2992F,11.8,T860M; splicing:c.1119+1G>T;  splicing:c.1086+1G>T; A589V;  A599V;  A625V; wholegene; Q4P;  Q97P;  Q136P,intron_variant&non_coding_transcript_variant; splice_donor_variant; A625V; start_lost&5_prime_UTR_variant; Q136P
PIK3CA,PDAC014T,N345K,N345K,19,R484S; K3746N; G12V; N345K; Q635E,26.3, R432S;  R525S; A2180T;  A2581T;  A2787T; R181W;  R190W; E154K;  E127K;  E247K;  E286K,A2581T; R208W; E286K
POLD1,PDAC029T,P712L| P738L| non_coding_transcript_exon_variant,P738L| P712L,8,G12D,12.5,Q552X; P738L;  P712L,Q552*; P712L;  P738L;  non_coding_transcript_exon_variant
RAD54L,PDAC014T,Q635E,Q635E,19,R484S; K3746N; G12V; N345K; Q635E,26.3, R432S;  R525S; A2180T;  A2581T;  A2787T; R181W;  R190W; E154K;  E127K;  E247K;  E286K,A2581T; R208W; E286K
RFC1,PDAC005T,G732A,G733A| G732A,14,G12D,7.1,splicing:c.97-2A>G; G733A;  G732A; L201X; R116W;  R89W;  R209W;  R248W,splice_acceptor_variant;  splice_acceptor_variant&non_coding_transcript_variant; G732A; L201*; R248W
RSBN1L,PDAC023T,A796E,A796E,26,K692R;  K628R; R1160I; G12C; A796E; C132W; M1731L;  D607G,30.8,H83Y;  A97V; C791R;  C895R;  C855R; Q95K;  Q39K;  Q150K;  Q201K;  Q202K;  Q186K; F2V;  F95V;  F134V,downstream_gene_variant; C895R; Q185K; F134V
SACS,PDAC009T,P702NA,555_555del| 702_702del,4,F516L,25,555_555del;  702_702del,P702NA
SACS,PDAC019T,R2932W,R2785W| R2932W,13,G12V;  P1142L; V47A,23.1,R80X; R2785W;  R2932W; P1092L;  P1143L,downstream_gene_variant; R2932W; P1143L;  P1092L;  P1022L
SMAD4,PDAC004T,L201*,L201X,11,G12D,9.1,splicing:c.97-2A>G; L201X; R116W;  R89W;  R209W;  R248W,splice_acceptor_variant;  splice_acceptor_variant&non_coding_transcript_variant; L201*; R248W
SMAD4,PDAC005T,L201*,L201X,14,G12D,7.1,splicing:c.97-2A>G; G733A;  G732A; L201X; R116W;  R89W;  R209W;  R248W,splice_acceptor_variant;  splice_acceptor_variant&non_coding_transcript_variant; G732A; L201*; R248W
SMAD4,PDAC015T,R515I,R515I,14,S2104F; S264L; R4411S; G12D; N76S; R515I,42.9, S1887F; 24_25del; E48fs;  E21fs;  E141fs;  E180fs,V25NA; R181*
SMAD4,PDAC017T,R38Efs*7,A36fs,6,G12V; R90C,33.3,D951N; A36fs,D956N; R38Efs*7
SMAD4,PDAC020T,T521Hfs*16,E520fs,7,G12D,14.3,E520fs; P20fs;  P113fs;  P152fs,T521Hfs*16; P153Afs*28
SMAD4,PDAC025T,R445*,R445X,20,R252C; R256Q; G12D; R14W,20,R58X; F450L;  F475L; R445X; K84fs; R43H;  R16H;  R136H;  R175H,downstream_gene_variant; F475L;  upstream_gene_variant;  regulatory_region_variant; R445*; V86Lfs*31; R175H
SMAD4,PDAC030T,R361H,R361H,7,G12V; R361H,28.6,T1834I;  T1852I; L6fs,T1852I; A11Sfs*78
SMAD4,PDAC031T,E330G,E330G,23, S522L; T896M; G12D; R4084C; E330G; E95K,26.1,H2917Q;  H2909Q; E120X;  E69fs;  G83fs; G1178A;  G1194A; R273H; H47Q;  H20Q;  H140Q;  H179Q,H2909Q; downstream_gene_variant; G1194A; upstream_gene_variant; H179Q
SMARCB1,PDAC014T,R208W,R181W| R190W,19,R484S; K3746N; G12V; N345K; Q635E,26.3, R432S;  R525S; A2180T;  A2581T;  A2787T; R181W;  R190W; E154K;  E127K;  E247K;  E286K,A2581T; R208W; E286K
STAT3,PDAC027T,splice_acceptor_variant,splicing:c.957-1G>T,13,L2014R; G12V; L946S; N458S,30.8, L1797R;  L399S; splicing:c.957-1G>T; G113S;  G86S;  G206S;  G245S,splice_acceptor_variant; G245S
STK11,PDAC023T,C132W,C132W,26,K692R;  K628R; R1160I; G12C; A796E; C132W; M1731L;  D607G,30.8,H83Y;  A97V; C791R;  C895R;  C855R; Q95K;  Q39K;  Q150K;  Q201K;  Q202K;  Q186K; F2V;  F95V;  F134V,downstream_gene_variant; C895R; Q185K; F134V
TEK,PDAC025T,V86Lfs*31,K84fs,20,R252C; R256Q; G12D; R14W,20,R58X; F450L;  F475L; R445X; K84fs; R43H;  R16H;  R136H;  R175H,downstream_gene_variant; F475L;  upstream_gene_variant;  regulatory_region_variant; R445*; V86Lfs*31; R175H
TGFBR2,PDAC008T,R553G| R528G| regulatory_region_variant,R528G| R553G,17,G12D,5.9,R361Q;  R628Q;  R731Q;  R608Q; E120fs;  E280fs;  E93fs;  E68fs;  E137fs; R528G;  R553G,R731Q; A98Qfs*5; R553G;  R528G;  regulatory_region_variant
TGFBR2,PDAC011T,R553G| R528G| regulatory_region_variant,R528G| R553G,14,G12D; K1694T; R162C,21.4,G1143fs; N1065D;  N1177D;  N1153D; R528G;  R553G,Q1145Pfs*48; N1177D; R553G;  R528G;  regulatory_region_variant
TP53,PDAC003T,Q136P,Q4P| Q97P| Q136P,17,G12D; L2992F,11.8,T860M; splicing:c.1119+1G>T;  splicing:c.1086+1G>T; A589V;  A599V;  A625V; wholegene; Q4P;  Q97P;  Q136P,intron_variant&non_coding_transcript_variant; splice_donor_variant; A625V; start_lost&5_prime_UTR_variant; Q136P
TP53,PDAC004T,R248W,R116W| R89W| R209W| R248W,11,G12D,9.1,splicing:c.97-2A>G; L201X; R116W;  R89W;  R209W;  R248W,splice_acceptor_variant;  splice_acceptor_variant&non_coding_transcript_variant; L201*; R248W
TP53,PDAC005T,R248W,R116W| R89W| R209W| R248W,14,G12D,7.1,splicing:c.97-2A>G; G733A;  G732A; L201X; R116W;  R89W;  R209W;  R248W,splice_acceptor_variant;  splice_acceptor_variant&non_coding_transcript_variant; G732A; L201*; R248W
TP53,PDAC012T,R175H,R43H| R16H| R136H| R175H,15,Q61K,6.7,splicing:c.576+1G>T; R549H; Q253X;  Q264X; R43H;  R16H;  R136H;  R175H,splice_donor_variant; R488H;  R549H;  regulatory_region_variant; Q253*; R175H
TP53,PDAC013T,I254T,I122T| I95T| I215T| I254T,16,L7Q; D401Y; G12D,18.8,V63M;  V480M; A563G;  A652G;  A568G;  A740G; I122T;  I95T;  I215T;  I254T,V480M; A740G; I254T
TP53,PDAC014T,E286K,E154K| E127K| E247K| E286K,19,R484S; K3746N; G12V; N345K; Q635E,26.3, R432S;  R525S; A2180T;  A2581T;  A2787T; R181W;  R190W; E154K;  E127K;  E247K;  E286K,A2581T; R208W; E286K
TP53,PDAC015T,R181*,E48fs| E21fs| E141fs| E180fs,14,S2104F; S264L; R4411S; G12D; N76S; R515I,42.9, S1887F; 24_25del; E48fs;  E21fs;  E141fs;  E180fs,V25NA; R181*
TP53,PDAC016T,C176F,C44F| C17F| C137F| C176F,6,G12R,16.7,C44F;  C17F;  C137F;  C176F,C176F
TP53,PDAC018T,splice_donor_variant,splicing:c.672+1G>A| splicing:c.195+1G>A| splicing:c.276+1G>A| splicing:c.555+1G>A,14,G12D; A2131V,14.3,R80X; R720H;  R708H;  R650H;  R778H; splicing:c.672+1G>A;  splicing:c.195+1G>A;  splicing:c.276+1G>A;  splicing:c.555+1G>A,downstream_gene_variant; R778H; splice_donor_variant
TP53,PDAC020T,P153Afs*28,P20fs| P113fs| P152fs,7,G12D,14.3,E520fs; P20fs;  P113fs;  P152fs,T521Hfs*16; P153Afs*28
TP53,PDAC021T,R248Q,R116Q| R89Q| R209Q| R248Q,15,G12V,6.7,G1015fs; M1982I;  M2020I; C2694fs;  C2654fs; R116Q;  R89Q;  R209Q;  R248Q,G1016Wfs*2; M2020I;  M1982I; C2694Lfs*20; R248Q
TP53,PDAC022T,A86Vfs*55,A47fs| A86fs,5,G12R; G3195R,40,A47fs;  A86fs,A86Vfs*55
TP53,PDAC023T,F134V,F2V| F95V| F134V,26,K692R;  K628R; R1160I; G12C; A796E; C132W; M1731L;  D607G,30.8,H83Y;  A97V; C791R;  C895R;  C855R; Q95K;  Q39K;  Q150K;  Q201K;  Q202K;  Q186K; F2V;  F95V;  F134V,downstream_gene_variant; C895R; Q185K; F134V
TP53,PDAC024T,R273L,C44F| C17F| C137F| C176F,7,"",0,G12R; C44F;  C17F;  C137F;  C176F,G12D; R273L
TP53,PDAC025T,R175H,R43H| R16H| R136H| R175H,20,R252C; R256Q; G12D; R14W,20,R58X; F450L;  F475L; R445X; K84fs; R43H;  R16H;  R136H;  R175H,downstream_gene_variant; F475L;  upstream_gene_variant;  regulatory_region_variant; R445*; V86Lfs*31; R175H
TP53,PDAC026T,R175H,R43H| R16H| R136H| R175H,15, R201C;  R207C;  R240C;  R118C; G12R,33.3,R120C;  R209C; R43H;  R16H;  R136H;  R175H,R209C;  R120C;  regulatory_region_variant; R175H
TP53,PDAC027T,G245S,G113S| G86S| G206S| G245S,13,L2014R; G12V; L946S; N458S,30.8, L1797R;  L399S; splicing:c.957-1G>T; G113S;  G86S;  G206S;  G245S,splice_acceptor_variant; G245S
TP53,PDAC028T,L257Rfs*5,L125fs| L98fs| L218fs| L257fs,12,G12V,8.3,R659X; R676H;  R646H;  R682H; L125fs;  L98fs;  L218fs;  L257fs,R659*; R646H; L257Rfs*5
TP53,PDAC031T,H179Q,H47Q| H20Q| H140Q| H179Q,23, S522L; T896M; G12D; R4084C; E330G; E95K,26.1,H2917Q;  H2909Q; E120X;  E69fs;  G83fs; G1178A;  G1194A; R273H; H47Q;  H20Q;  H140Q;  H179Q,H2909Q; downstream_gene_variant; G1194A; upstream_gene_variant; H179Q
TSC1,PDAC019T,P1143L| P1142L| P1092L| P1022L,P1092L| P1143L| P1142L,13,G12V;  P1142L; V47A,23.1,R80X; R2785W;  R2932W; P1092L;  P1143L,downstream_gene_variant; R2932W; P1143L;  P1092L;  P1022L
TXNDC8,PDAC019T,V47A,V47A,13,G12V;  P1142L; V47A,23.1,R80X; R2785W;  R2932W; P1092L;  P1143L,downstream_gene_variant; R2932W; P1143L;  P1092L;  P1022L
USH2A,PDAC022T,G3195R,G3195R,5,G12R; G3195R,40,A47fs;  A86fs,A86Vfs*55
USH2A,PDAC023T,M1731L| D607G,M1731L| D607G,26,K692R;  K628R; R1160I; G12C; A796E; C132W; M1731L;  D607G,30.8,H83Y;  A97V; C791R;  C895R;  C855R; Q95K;  Q39K;  Q150K;  Q201K;  Q202K;  Q186K; F2V;  F95V;  F134V,downstream_gene_variant; C895R; Q185K; F134V
ZNF620,PDAC031T,E95K,E95K,23, S522L; T896M; G12D; R4084C; E330G; E95K,26.1,H2917Q;  H2909Q; E120X;  E69fs;  G83fs; G1178A;  G1194A; R273H; H47Q;  H20Q;  H140Q;  H179Q,H2909Q; downstream_gene_variant; G1194A; upstream_gene_variant; H179Q
